filename,category,true_label,predicted_label,abnormal_probability,error_type
1-100032-A-0.wav,dog,0,1,0.9832813143730164,FP
1-101296-A-19.wav,thunderstorm,0,1,0.6772741675376892,FP
1-101296-B-19.wav,thunderstorm,0,1,0.5315099954605103,FP
1-103995-A-30.wav,door_wood_knock,1,0,8.902709819347265e-11,FN
1-103999-A-30.wav,door_wood_knock,1,0,5.597028618353761e-09,FN
1-115545-A-48.wav,fireworks,0,1,0.5328123569488525,FP
1-115545-B-48.wav,fireworks,0,1,0.9989734292030334,FP
1-115545-C-48.wav,fireworks,0,1,1.0,FP
1-115546-A-48.wav,fireworks,0,1,1.0,FP
1-115920-A-22.wav,clapping,0,1,0.9962636828422546,FP
1-11687-A-47.wav,airplane,0,1,0.9867145419120789,FP
1-119125-A-45.wav,train,0,1,0.5270658135414124,FP
1-13571-A-46.wav,church_bells,0,1,0.9999158382415771,FP
1-137296-A-16.wav,wind,0,1,0.5021274089813232,FP
1-155858-A-25.wav,footsteps,1,0,0.2745223939418793,FN
1-155858-C-25.wav,footsteps,1,0,0.007889372296631336,FN
1-155858-D-25.wav,footsteps,1,0,0.15654216706752777,FN
1-160563-A-48.wav,fireworks,0,1,0.9999993443489075,FP
1-160563-B-48.wav,fireworks,0,1,1.0,FP
1-16568-A-3.wav,cow,0,1,0.9994366765022278,FP
1-172649-A-40.wav,helicopter,0,1,0.5903071165084839,FP
1-172649-C-40.wav,helicopter,0,1,0.5497217178344727,FP
1-172649-E-40.wav,helicopter,0,1,0.7135059833526611,FP
1-172649-F-40.wav,helicopter,0,1,0.9711760878562927,FP
1-17585-A-7.wav,insects,0,1,0.9773887991905212,FP
1-18074-B-6.wav,hen,0,1,0.7130995988845825,FP
1-181071-A-40.wav,helicopter,0,1,0.9595701694488525,FP
1-181071-B-40.wav,helicopter,0,1,0.9732512831687927,FP
1-18527-A-44.wav,engine,0,1,0.5138375163078308,FP
1-18527-B-44.wav,engine,0,1,0.5471653938293457,FP
1-18631-A-23.wav,breathing,0,1,0.7892685532569885,FP
1-19118-A-24.wav,coughing,0,1,0.9999946355819702,FP
1-19501-A-7.wav,insects,0,1,0.7562971115112305,FP
1-196660-A-8.wav,sheep,0,1,0.9271807670593262,FP
1-196660-B-8.wav,sheep,0,1,0.9986887574195862,FP
1-19840-A-36.wav,vacuum_cleaner,0,1,0.9999712705612183,FP
1-19872-A-36.wav,vacuum_cleaner,0,1,1.0,FP
1-19872-B-36.wav,vacuum_cleaner,0,1,1.0,FP
1-202111-A-3.wav,cow,0,1,0.9386277198791504,FP
1-20545-A-28.wav,snoring,0,1,0.9993466734886169,FP
1-20736-A-18.wav,toilet_flush,0,1,0.9200521111488342,FP
1-208757-A-2.wav,pig,0,1,0.5574250817298889,FP
1-223162-A-25.wav,footsteps,1,0,0.45787009596824646,FN
1-22882-A-44.wav,engine,0,1,0.5710760354995728,FP
1-23996-A-35.wav,washing_machine,0,1,0.9977591037750244,FP
1-24524-C-19.wav,thunderstorm,0,1,0.997068464756012,FP
1-254507-A-43.wav,car_horn,0,1,0.9959465265274048,FP
1-25781-A-48.wav,fireworks,0,1,1.0,FP
1-26176-A-43.wav,car_horn,0,1,0.9254946112632751,FP
1-26188-A-30.wav,door_wood_knock,1,0,0.05452324450016022,FN
1-26222-A-10.wav,rain,0,1,0.8346532583236694,FP
1-27165-A-35.wav,washing_machine,0,1,0.9844699501991272,FP
1-27403-A-28.wav,snoring,0,1,0.5479446053504944,FP
1-27405-A-28.wav,snoring,0,1,0.5812220573425293,FP
1-28005-A-18.wav,toilet_flush,0,1,0.7272748351097107,FP
1-28135-A-11.wav,sea_waves,0,1,0.7736351490020752,FP
1-29561-A-10.wav,rain,0,1,0.8310617208480835,FP
1-29680-A-21.wav,sneezing,0,1,0.5277829766273499,FP
1-30039-A-26.wav,laughing,0,1,0.9977740049362183,FP
1-30043-A-26.wav,laughing,0,1,0.9772276878356934,FP
1-30214-A-18.wav,toilet_flush,0,1,0.5206676125526428,FP
1-30226-A-0.wav,dog,0,1,0.614322304725647,FP
1-30344-A-0.wav,dog,0,1,0.5881453156471252,FP
1-31482-B-42.wav,siren,1,0,4.432852739391646e-13,FN
1-32373-A-35.wav,washing_machine,0,1,0.8651214241981506,FP
1-32373-B-35.wav,washing_machine,0,1,0.9375845193862915,FP
1-32579-A-29.wav,drinking_sipping,0,1,0.9867914915084839,FP
1-34495-A-14.wav,chirping_birds,0,1,0.6117793917655945,FP
1-35687-A-38.wav,clock_tick,0,1,0.9906265735626221,FP
1-36164-A-26.wav,laughing,0,1,0.9999997615814209,FP
1-36393-A-23.wav,breathing,0,1,0.9979254603385925,FP
1-36402-A-23.wav,breathing,0,1,0.9733384251594543,FP
1-36929-A-47.wav,airplane,0,1,1.0,FP
1-37226-A-29.wav,drinking_sipping,0,1,0.9661552906036377,FP
1-39901-A-11.wav,sea_waves,0,1,0.7650772333145142,FP
1-39901-B-11.wav,sea_waves,0,1,0.7918131947517395,FP
1-39937-A-28.wav,snoring,0,1,0.8190462589263916,FP
1-40621-A-28.wav,snoring,0,1,0.548183023929596,FP
1-40967-A-28.wav,snoring,0,1,0.5084545016288757,FP
1-4211-A-12.wav,crackling_fire,0,1,0.5329184532165527,FP
1-42139-A-38.wav,clock_tick,0,1,0.9814961552619934,FP
1-43807-A-47.wav,airplane,0,1,0.9996159076690674,FP
1-43807-B-47.wav,airplane,0,1,0.6892695426940918,FP
1-43807-C-47.wav,airplane,0,1,0.9656893014907837,FP
1-43807-D-47.wav,airplane,0,1,1.0,FP
1-46040-A-14.wav,chirping_birds,0,1,0.5216686129570007,FP
1-46274-A-18.wav,toilet_flush,0,1,0.8222143650054932,FP
1-46744-A-36.wav,vacuum_cleaner,0,1,1.0,FP
1-46938-A-7.wav,insects,0,1,0.9413936734199524,FP
1-46938-B-7.wav,insects,0,1,0.9999972581863403,FP
1-47250-B-41.wav,chainsaw,1,0,0.01026288140565157,FN
1-47273-A-21.wav,sneezing,0,1,0.9999998807907104,FP
1-47274-A-21.wav,sneezing,0,1,0.9997682571411133,FP
1-47709-A-16.wav,wind,0,1,0.7585648894309998,FP
1-47714-A-16.wav,wind,0,1,0.5156266093254089,FP
1-47923-A-28.wav,snoring,0,1,0.8874505758285522,FP
1-48298-A-46.wav,church_bells,0,1,0.9873979091644287,FP
1-49098-A-35.wav,washing_machine,0,1,0.9959923624992371,FP
1-50060-A-10.wav,rain,0,1,0.9206358194351196,FP
1-50454-A-44.wav,engine,0,1,0.6529906392097473,FP
1-50455-A-44.wav,engine,0,1,0.9709106683731079,FP
1-50623-A-15.wav,water_drops,0,1,0.5532247424125671,FP
1-50661-A-44.wav,engine,0,1,0.9736614227294922,FP
1-51035-A-16.wav,wind,0,1,0.9667177200317383,FP
1-51036-A-16.wav,wind,0,1,0.9724105000495911,FP
1-51037-A-16.wav,wind,0,1,0.9140344262123108,FP
1-51805-A-33.wav,door_wood_creaks,1,0,0.34754714369773865,FN
1-51805-B-33.wav,door_wood_creaks,1,0,3.056630504261193e-08,FN
1-51805-C-33.wav,door_wood_creaks,1,0,0.013072107918560505,FN
1-51805-D-33.wav,door_wood_creaks,1,0,4.102977240690092e-37,FN
1-51805-H-33.wav,door_wood_creaks,1,0,0.0022899203468114138,FN
1-53444-A-28.wav,snoring,0,1,0.999984085559845,FP
1-53467-A-47.wav,airplane,0,1,0.9999786019325256,FP
1-53663-A-24.wav,coughing,0,1,0.9994553327560425,FP
1-53670-A-18.wav,toilet_flush,0,1,0.6059632897377014,FP
1-54065-A-45.wav,train,0,1,0.6722919940948486,FP
1-54084-A-42.wav,siren,1,0,0.46836739778518677,FN
1-54505-A-21.wav,sneezing,0,1,0.7727315425872803,FP
1-54747-A-46.wav,church_bells,0,1,0.9800767302513123,FP
1-56269-A-18.wav,toilet_flush,0,1,0.8028441667556763,FP
1-56270-A-29.wav,drinking_sipping,0,1,0.9999967217445374,FP
1-56311-A-10.wav,rain,0,1,0.8274655938148499,FP
1-57795-A-8.wav,sheep,0,1,0.6539700031280518,FP
1-58792-A-24.wav,coughing,0,1,0.561028242111206,FP
1-59513-A-0.wav,dog,0,1,0.9980038404464722,FP
1-60460-A-36.wav,vacuum_cleaner,0,1,1.0,FP
1-61221-A-17.wav,pouring_water,0,1,0.9759498238563538,FP
1-61252-A-11.wav,sea_waves,0,1,0.5199243426322937,FP
1-61261-A-44.wav,engine,0,1,0.6784071326255798,FP
1-62509-A-45.wav,train,0,1,0.6452935338020325,FP
1-62565-A-44.wav,engine,0,1,0.8714297413825989,FP
1-62594-A-32.wav,keyboard_typing,0,1,0.8598020076751709,FP
1-62849-A-38.wav,clock_tick,0,1,0.7672218680381775,FP
1-63871-A-10.wav,rain,0,1,0.527384340763092,FP
1-64398-A-41.wav,chainsaw,1,0,0.13386762142181396,FN
1-64473-A-45.wav,train,0,1,0.5470663905143738,FP
1-69422-A-3.wav,cow,0,1,0.971453070640564,FP
1-70300-A-45.wav,train,0,1,0.9924384355545044,FP
1-73585-A-7.wav,insects,0,1,0.999347448348999,FP
1-7456-A-13.wav,crickets,0,1,0.5535427331924438,FP
1-75189-A-7.wav,insects,0,1,0.9562499523162842,FP
1-76831-A-42.wav,siren,1,0,1.2372419533335233e-08,FN
1-76831-C-42.wav,siren,1,0,0.4346502125263214,FN
1-76831-E-42.wav,siren,1,0,6.854604991252122e-12,FN
1-77160-A-3.wav,cow,0,1,0.9933024644851685,FP
1-77241-A-3.wav,cow,0,1,0.9985578060150146,FP
1-79146-A-29.wav,drinking_sipping,0,1,0.6454455256462097,FP
1-79236-A-36.wav,vacuum_cleaner,0,1,0.9999990463256836,FP
1-7973-A-7.wav,insects,0,1,0.7999888062477112,FP
1-7974-B-49.wav,hand_saw,0,1,0.7268080115318298,FP
1-80785-A-7.wav,insects,0,1,0.7899650931358337,FP
1-80840-A-13.wav,crickets,0,1,0.9710100889205933,FP
1-81001-A-30.wav,door_wood_knock,1,0,3.7688130305468803e-06,FN
1-81269-A-3.wav,cow,0,1,1.0,FP
1-81883-A-21.wav,sneezing,0,1,0.9947952628135681,FP
1-84393-A-32.wav,keyboard_typing,0,1,0.5816522240638733,FP
1-84705-A-39.wav,glass_breaking,1,0,0.4903244972229004,FN
1-85123-A-31.wav,mouse_click,0,1,0.8663730621337891,FP
1-85168-A-39.wav,glass_breaking,1,0,0.000536867359187454,FN
1-85184-A-39.wav,glass_breaking,1,0,0.05473664402961731,FN
1-85362-A-0.wav,dog,0,1,0.7431735992431641,FP
1-87565-A-29.wav,drinking_sipping,0,1,0.8622081875801086,FP
1-88409-B-45.wav,train,0,1,0.9457746744155884,FP
1-88574-A-8.wav,sheep,0,1,0.9418216943740845,FP
1-88807-A-39.wav,glass_breaking,1,0,0.022802278399467468,FN
1-90797-A-15.wav,water_drops,0,1,0.5767152309417725,FP
1-91359-A-11.wav,sea_waves,0,1,0.5295478701591492,FP
1-9841-A-13.wav,crickets,0,1,0.5505143404006958,FP
2-100786-A-1.wav,rooster,0,1,0.6646785140037537,FP
2-101676-A-10.wav,rain,0,1,0.5277898907661438,FP
2-102414-A-17.wav,pouring_water,0,1,0.7056629657745361,FP
2-102414-B-17.wav,pouring_water,0,1,0.9971402287483215,FP
2-102414-D-17.wav,pouring_water,0,1,0.5700557827949524,FP
2-102414-E-17.wav,pouring_water,0,1,0.9210403561592102,FP
2-102414-F-17.wav,pouring_water,0,1,0.999970555305481,FP
2-102414-G-17.wav,pouring_water,0,1,0.8312751650810242,FP
2-102567-A-35.wav,washing_machine,0,1,0.8727137446403503,FP
2-102567-C-35.wav,washing_machine,0,1,0.9999977350234985,FP
2-102567-D-35.wav,washing_machine,0,1,0.7208371758460999,FP
2-102568-A-35.wav,washing_machine,0,1,0.9629445672035217,FP
2-102581-A-29.wav,drinking_sipping,0,1,0.7817346453666687,FP
2-102581-B-29.wav,drinking_sipping,0,1,0.7827191352844238,FP
2-103424-A-3.wav,cow,0,1,0.5764748454093933,FP
2-103426-A-3.wav,cow,0,1,1.0,FP
2-103428-A-3.wav,cow,0,1,0.9788083434104919,FP
2-104877-A-3.wav,cow,0,1,1.0,FP
2-105270-A-47.wav,airplane,0,1,0.98423171043396,FP
2-106014-A-44.wav,engine,0,1,0.8956041932106018,FP
2-106015-A-44.wav,engine,0,1,0.9999901056289673,FP
2-106015-B-44.wav,engine,0,1,0.9996140003204346,FP
2-106072-A-36.wav,vacuum_cleaner,0,1,0.8447363972663879,FP
2-106073-A-36.wav,vacuum_cleaner,0,1,0.9998005032539368,FP
2-106486-A-44.wav,engine,0,1,0.6200137138366699,FP
2-106487-A-44.wav,engine,0,1,0.5458427667617798,FP
2-106849-A-47.wav,airplane,0,1,0.9965607523918152,FP
2-108760-B-14.wav,chirping_birds,0,1,0.5069372057914734,FP
2-109371-A-16.wav,wind,0,1,0.7747191190719604,FP
2-109371-B-16.wav,wind,0,1,0.8840734958648682,FP
2-109371-C-16.wav,wind,0,1,0.9969611167907715,FP
2-109371-D-16.wav,wind,0,1,0.7848435044288635,FP
2-109374-A-16.wav,wind,0,1,0.9988954067230225,FP
2-109505-A-21.wav,sneezing,0,1,0.9999932646751404,FP
2-110417-B-28.wav,snoring,0,1,0.5017855763435364,FP
2-110613-A-13.wav,crickets,0,1,0.6137673258781433,FP
2-110614-A-8.wav,sheep,0,1,0.7673138976097107,FP
2-114254-A-30.wav,door_wood_knock,1,0,8.586308747338123e-12,FN
2-114280-A-0.wav,dog,0,1,0.9645193815231323,FP
2-114609-B-28.wav,snoring,0,1,0.9424167275428772,FP
2-117615-A-48.wav,fireworks,0,1,0.6298478841781616,FP
2-117615-B-48.wav,fireworks,0,1,0.8900492787361145,FP
2-117615-C-48.wav,fireworks,0,1,0.5145928859710693,FP
2-117615-D-48.wav,fireworks,0,1,0.9999998211860657,FP
2-117615-E-48.wav,fireworks,0,1,1.0,FP
2-117616-A-48.wav,fireworks,0,1,0.829417884349823,FP
2-117625-A-10.wav,rain,0,1,0.5386300683021545,FP
2-117795-A-3.wav,cow,0,1,0.9869747161865234,FP
2-118624-A-30.wav,door_wood_knock,1,0,0.2754884660243988,FN
2-118625-A-30.wav,door_wood_knock,1,0,0.13306856155395508,FN
2-119748-A-38.wav,clock_tick,0,1,0.5267664194107056,FP
2-121909-A-35.wav,washing_machine,0,1,0.9970896244049072,FP
2-122066-A-45.wav,train,0,1,0.9504619836807251,FP
2-122066-B-45.wav,train,0,1,0.8800796866416931,FP
2-122067-B-45.wav,train,0,1,0.7252907156944275,FP
2-122763-B-29.wav,drinking_sipping,0,1,0.5091404318809509,FP
2-122820-A-36.wav,vacuum_cleaner,0,1,0.9999998807907104,FP
2-122820-B-36.wav,vacuum_cleaner,0,1,0.9999815225601196,FP
2-125875-A-13.wav,crickets,0,1,0.7402545213699341,FP
2-125966-A-11.wav,sea_waves,0,1,0.581785261631012,FP
2-126433-A-17.wav,pouring_water,0,1,0.9891082048416138,FP
2-126756-A-29.wav,drinking_sipping,0,1,0.6912665367126465,FP
2-128465-A-43.wav,car_horn,0,1,0.7007318139076233,FP
2-128465-B-43.wav,car_horn,0,1,0.7590717673301697,FP
2-130245-A-34.wav,can_opening,0,1,0.7429860234260559,FP
2-130979-A-21.wav,sneezing,0,1,0.6560578942298889,FP
2-133863-A-11.wav,sea_waves,0,1,0.502132773399353,FP
2-135649-A-45.wav,train,0,1,0.8045369982719421,FP
2-135649-B-45.wav,train,0,1,0.6457762122154236,FP
2-135649-C-45.wav,train,0,1,0.7861285209655762,FP
2-135860-A-49.wav,hand_saw,0,1,0.863278329372406,FP
2-137162-A-11.wav,sea_waves,0,1,0.5103164315223694,FP
2-138465-A-43.wav,car_horn,0,1,0.622778594493866,FP
2-139748-A-15.wav,water_drops,0,1,0.6291696429252625,FP
2-139748-B-15.wav,water_drops,0,1,0.5844069719314575,FP
2-139749-A-15.wav,water_drops,0,1,0.9998897910118103,FP
2-141681-A-36.wav,vacuum_cleaner,0,1,0.9859480261802673,FP
2-141681-B-36.wav,vacuum_cleaner,0,1,0.9716435670852661,FP
2-141682-B-36.wav,vacuum_cleaner,0,1,0.9999814033508301,FP
2-146877-A-31.wav,mouse_click,0,1,0.7430831789970398,FP
2-146877-B-31.wav,mouse_click,0,1,0.8440779447555542,FP
2-152895-A-31.wav,mouse_click,0,1,0.5025780200958252,FP
2-158746-A-2.wav,pig,0,1,0.9051033854484558,FP
2-158746-D-2.wav,pig,0,1,0.8815323114395142,FP
2-160128-A-7.wav,insects,0,1,0.9999379515647888,FP
2-160888-A-47.wav,airplane,0,1,0.7006675004959106,FP
2-165801-A-48.wav,fireworks,0,1,1.0,FP
2-173618-A-39.wav,glass_breaking,1,0,0.28470292687416077,FN
2-188822-B-40.wav,helicopter,0,1,0.9659740924835205,FP
2-188822-C-40.wav,helicopter,0,1,0.997882604598999,FP
2-188822-D-40.wav,helicopter,0,1,0.7921825051307678,FP
2-196688-A-8.wav,sheep,0,1,0.9987155199050903,FP
2-209476-A-25.wav,footsteps,1,0,0.06520161032676697,FN
2-250710-A-39.wav,glass_breaking,1,0,8.565250936953817e-06,FN
2-25292-A-22.wav,clapping,0,1,0.8059030175209045,FP
2-25293-A-22.wav,clapping,0,1,0.8534038662910461,FP
2-262579-A-45.wav,train,0,1,0.9324515461921692,FP
2-28314-A-12.wav,crackling_fire,0,1,0.5323925614356995,FP
2-28314-B-12.wav,crackling_fire,0,1,0.9478686451911926,FP
2-30322-A-12.wav,crackling_fire,0,1,0.5002919435501099,FP
2-37806-A-40.wav,helicopter,0,1,0.9993991851806641,FP
2-37806-B-40.wav,helicopter,0,1,0.998923659324646,FP
2-37806-C-40.wav,helicopter,0,1,0.9994367957115173,FP
2-37806-D-40.wav,helicopter,0,1,0.9927594661712646,FP
2-39443-A-19.wav,thunderstorm,0,1,0.5364664793014526,FP
2-39945-B-19.wav,thunderstorm,0,1,0.9254655241966248,FP
2-39945-C-19.wav,thunderstorm,0,1,0.9636057615280151,FP
2-43802-A-42.wav,siren,1,0,2.7054542442783713e-05,FN
2-43806-A-42.wav,siren,1,0,1.5247178453137167e-07,FN
2-50774-A-23.wav,breathing,0,1,0.5691220164299011,FP
2-51173-A-35.wav,washing_machine,0,1,0.9745526909828186,FP
2-51630-A-49.wav,hand_saw,0,1,0.7954331636428833,FP
2-51630-B-49.wav,hand_saw,0,1,0.9848526120185852,FP
2-52001-A-28.wav,snoring,0,1,0.999779462814331,FP
2-52001-B-28.wav,snoring,0,1,0.5107409358024597,FP
2-56926-A-46.wav,church_bells,0,1,0.9165624380111694,FP
2-59241-A-35.wav,washing_machine,0,1,0.9556394219398499,FP
2-60180-A-49.wav,hand_saw,0,1,0.9802148342132568,FP
2-60180-B-49.wav,hand_saw,0,1,0.8537117838859558,FP
2-60900-A-22.wav,clapping,0,1,0.6410401463508606,FP
2-64332-A-18.wav,toilet_flush,0,1,0.9745275974273682,FP
2-65484-A-18.wav,toilet_flush,0,1,0.9527453184127808,FP
2-66205-A-23.wav,breathing,0,1,0.9995290637016296,FP
2-67422-A-18.wav,toilet_flush,0,1,0.8437210917472839,FP
2-68391-A-41.wav,chainsaw,1,0,0.4679051339626312,FN
2-68595-B-15.wav,water_drops,0,1,0.6365417838096619,FP
2-70052-A-42.wav,siren,1,0,6.068005171184475e-19,FN
2-70052-B-42.wav,siren,1,0,5.4983774965770144e-14,FN
2-70280-A-18.wav,toilet_flush,0,1,0.9970569014549255,FP
2-70344-A-33.wav,door_wood_creaks,1,0,0.19320818781852722,FN
2-70936-A-42.wav,siren,1,0,6.491129763750582e-32,FN
2-70938-A-42.wav,siren,1,0,2.6956410437151135e-08,FN
2-70939-A-42.wav,siren,1,0,0.00759775098413229,FN
2-72547-C-14.wav,chirping_birds,0,1,0.8580765724182129,FP
2-72547-D-14.wav,chirping_birds,0,1,0.5739389657974243,FP
2-72677-A-18.wav,toilet_flush,0,1,0.9817144274711609,FP
2-72970-A-10.wav,rain,0,1,0.6772050261497498,FP
2-73260-A-10.wav,rain,0,1,0.5106281042098999,FP
2-74361-A-47.wav,airplane,0,1,0.6663192510604858,FP
2-74977-A-18.wav,toilet_flush,0,1,0.7913885116577148,FP
2-76408-A-22.wav,clapping,0,1,0.9876181483268738,FP
2-76408-C-22.wav,clapping,0,1,0.9998906254768372,FP
2-76408-D-22.wav,clapping,0,1,0.5961317420005798,FP
2-77945-A-41.wav,chainsaw,1,0,0.4012710154056549,FN
2-78781-A-47.wav,airplane,0,1,0.5350561141967773,FP
2-78799-A-47.wav,airplane,0,1,0.5698241591453552,FP
2-79769-A-26.wav,laughing,0,1,0.9997750520706177,FP
2-80313-A-28.wav,snoring,0,1,0.9888107776641846,FP
2-81112-A-34.wav,can_opening,0,1,0.9941456317901611,FP
2-81270-A-1.wav,rooster,0,1,0.8297348618507385,FP
2-81970-A-7.wav,insects,0,1,0.9999998211860657,FP
2-81970-B-7.wav,insects,0,1,0.9999986886978149,FP
2-81970-C-7.wav,insects,0,1,0.9999999403953552,FP
2-82071-A-27.wav,brushing_teeth,0,1,0.9950478076934814,FP
2-82077-A-7.wav,insects,0,1,1.0,FP
2-82538-A-21.wav,sneezing,0,1,0.7925125360488892,FP
2-83536-A-27.wav,brushing_teeth,0,1,0.9308218955993652,FP
2-87412-A-24.wav,coughing,0,1,0.571625292301178,FP
2-87781-A-10.wav,rain,0,1,0.5594891905784607,FP
2-87799-A-24.wav,coughing,0,1,0.9998771548271179,FP
2-88724-A-38.wav,clock_tick,0,1,0.725685715675354,FP
2-91912-A-33.wav,door_wood_creaks,1,0,0.32061049342155457,FN
2-92978-A-29.wav,drinking_sipping,0,1,0.9995027184486389,FP
2-93030-A-21.wav,sneezing,0,1,0.9778790473937988,FP
2-94230-A-27.wav,brushing_teeth,0,1,0.5067905783653259,FP
2-96033-A-13.wav,crickets,0,1,0.7691803574562073,FP
2-96654-A-47.wav,airplane,0,1,0.9897721409797668,FP
2-98676-A-24.wav,coughing,0,1,0.9997920393943787,FP
2-98866-A-47.wav,airplane,0,1,0.9915997982025146,FP
2-99796-A-32.wav,keyboard_typing,0,1,0.872376561164856,FP
2-99955-A-7.wav,insects,0,1,0.9984322786331177,FP
2-99955-B-7.wav,insects,0,1,0.918675422668457,FP
3-101381-A-33.wav,door_wood_creaks,1,0,0.07446301728487015,FN
3-101381-B-33.wav,door_wood_creaks,1,0,0.36388134956359863,FN
3-103050-A-19.wav,thunderstorm,0,1,0.5449599623680115,FP
3-103051-A-19.wav,thunderstorm,0,1,0.5154975056648254,FP
3-103051-B-19.wav,thunderstorm,0,1,0.5328518748283386,FP
3-103051-C-19.wav,thunderstorm,0,1,0.5941666960716248,FP
3-103401-A-33.wav,door_wood_creaks,1,0,0.0008078426471911371,FN
3-103401-B-33.wav,door_wood_creaks,1,0,0.062278036028146744,FN
3-103401-C-33.wav,door_wood_creaks,1,0,0.022449057549238205,FN
3-103401-D-33.wav,door_wood_creaks,1,0,0.0017122485442087054,FN
3-103597-A-25.wav,footsteps,1,0,0.2135126292705536,FN
3-103598-A-25.wav,footsteps,1,0,0.03372382000088692,FN
3-103599-A-25.wav,footsteps,1,0,0.44347408413887024,FN
3-103599-B-25.wav,footsteps,1,0,0.3236389756202698,FN
3-104761-A-7.wav,insects,0,1,0.5477184653282166,FP
3-104761-B-7.wav,insects,0,1,0.9912469983100891,FP
3-104958-A-12.wav,crackling_fire,0,1,0.988754153251648,FP
3-105235-A-7.wav,insects,0,1,0.9948460459709167,FP
3-105236-A-7.wav,insects,0,1,0.9995302557945251,FP
3-110913-A-7.wav,insects,0,1,1.0,FP
3-110913-B-7.wav,insects,0,1,0.9983142018318176,FP
3-110913-C-7.wav,insects,0,1,0.997394323348999,FP
3-110913-D-7.wav,insects,0,1,0.9993687272071838,FP
3-112356-A-18.wav,toilet_flush,0,1,0.9844964146614075,FP
3-115387-A-47.wav,airplane,0,1,0.9884157180786133,FP
3-115387-B-47.wav,airplane,0,1,1.0,FP
3-115387-C-47.wav,airplane,0,1,0.9993534684181213,FP
3-117504-A-16.wav,wind,0,1,0.98009192943573,FP
3-117504-B-16.wav,wind,0,1,0.9994539618492126,FP
3-118194-A-33.wav,door_wood_creaks,1,0,0.37200939655303955,FN
3-118487-A-26.wav,laughing,0,1,0.7408796548843384,FP
3-118658-A-41.wav,chainsaw,1,0,0.22136862576007843,FN
3-119120-A-48.wav,fireworks,0,1,1.0,FP
3-119120-B-48.wav,fireworks,0,1,0.9752521514892578,FP
3-119120-C-48.wav,fireworks,0,1,0.8915064334869385,FP
3-119120-D-48.wav,fireworks,0,1,0.8562756776809692,FP
3-119120-E-48.wav,fireworks,0,1,0.9999995231628418,FP
3-119455-A-44.wav,engine,0,1,0.8902801871299744,FP
3-122110-A-46.wav,church_bells,0,1,0.995334267616272,FP
3-123086-A-28.wav,snoring,0,1,0.6061619520187378,FP
3-123224-A-19.wav,thunderstorm,0,1,0.5771969556808472,FP
3-124376-A-3.wav,cow,0,1,0.9999587535858154,FP
3-124376-B-3.wav,cow,0,1,0.9314321875572205,FP
3-124600-A-19.wav,thunderstorm,0,1,0.5046743750572205,FP
3-124795-A-28.wav,snoring,0,1,0.9999992847442627,FP
3-124958-A-28.wav,snoring,0,1,0.5297388434410095,FP
3-126113-A-26.wav,laughing,0,1,0.9300296902656555,FP
3-126358-B-3.wav,cow,0,1,0.9999272227287292,FP
3-128512-A-47.wav,airplane,0,1,0.8590037822723389,FP
3-128512-B-47.wav,airplane,0,1,0.5071043968200684,FP
3-130330-A-22.wav,clapping,0,1,0.948795735836029,FP
3-130998-A-28.wav,snoring,0,1,0.8130946755409241,FP
3-130998-B-28.wav,snoring,0,1,0.6840044260025024,FP
3-132852-A-10.wav,rain,0,1,0.5612050890922546,FP
3-135469-A-35.wav,washing_machine,0,1,0.608721911907196,FP
3-135650-B-45.wav,train,0,1,0.5134117007255554,FP
3-136451-A-45.wav,train,0,1,0.8735899329185486,FP
3-136608-A-16.wav,wind,0,1,0.5049052238464355,FP
3-138212-A-45.wav,train,0,1,0.9408307075500488,FP
3-139109-A-46.wav,church_bells,0,1,0.9999996423721313,FP
3-140199-A-8.wav,sheep,0,1,0.9344075322151184,FP
3-140199-B-8.wav,sheep,0,1,0.8061556816101074,FP
3-140323-A-29.wav,drinking_sipping,0,1,0.500194251537323,FP
3-140774-A-10.wav,rain,0,1,0.843283474445343,FP
3-141240-B-44.wav,engine,0,1,0.5544217228889465,FP
3-141559-A-45.wav,train,0,1,0.739334225654602,FP
3-141684-A-21.wav,sneezing,0,1,0.690499484539032,FP
3-142006-A-10.wav,rain,0,1,0.6229467988014221,FP
3-143119-A-21.wav,sneezing,0,1,0.8794990181922913,FP
3-143560-A-47.wav,airplane,0,1,0.5132427215576172,FP
3-143562-A-47.wav,airplane,0,1,0.9754589200019836,FP
3-143929-A-10.wav,rain,0,1,0.5628769397735596,FP
3-144120-A-32.wav,keyboard_typing,0,1,0.7063157558441162,FP
3-144128-B-23.wav,breathing,0,1,0.5473408699035645,FP
3-144253-A-29.wav,drinking_sipping,0,1,0.8421573638916016,FP
3-144259-A-29.wav,drinking_sipping,0,1,0.680578887462616,FP
3-144692-A-21.wav,sneezing,0,1,0.998140811920166,FP
3-144827-B-11.wav,sea_waves,0,1,0.7982863187789917,FP
3-144891-B-19.wav,thunderstorm,0,1,1.0,FP
3-145387-A-29.wav,drinking_sipping,0,1,0.6156847476959229,FP
3-145577-A-43.wav,car_horn,0,1,0.9999985098838806,FP
3-146033-A-13.wav,crickets,0,1,0.552859902381897,FP
3-146186-A-44.wav,engine,0,1,0.890175461769104,FP
3-146697-A-43.wav,car_horn,0,1,0.5724291801452637,FP
3-146873-A-24.wav,coughing,0,1,1.0,FP
3-146972-A-5.wav,cat,0,1,0.787986695766449,FP
3-147965-A-12.wav,crackling_fire,0,1,0.7260047793388367,FP
3-148330-A-21.wav,sneezing,0,1,0.8406921625137329,FP
3-150979-B-40.wav,helicopter,0,1,0.7360591292381287,FP
3-150979-C-40.wav,helicopter,0,1,0.9929441213607788,FP
3-151213-A-24.wav,coughing,0,1,0.9999979138374329,FP
3-151269-A-35.wav,washing_machine,0,1,0.9758633971214294,FP
3-151273-A-35.wav,washing_machine,0,1,0.9819989204406738,FP
3-152007-C-20.wav,crying_baby,0,1,0.9994537830352783,FP
3-152020-A-36.wav,vacuum_cleaner,0,1,0.9926224946975708,FP
3-152020-B-36.wav,vacuum_cleaner,0,1,0.9999997019767761,FP
3-152020-C-36.wav,vacuum_cleaner,0,1,0.993539571762085,FP
3-154758-A-44.wav,engine,0,1,0.9998239278793335,FP
3-154781-A-32.wav,keyboard_typing,0,1,0.9994217157363892,FP
3-154926-A-40.wav,helicopter,0,1,0.6614212393760681,FP
3-154926-B-40.wav,helicopter,0,1,1.0,FP
3-155312-A-0.wav,dog,0,1,0.7104020118713379,FP
3-155583-A-14.wav,chirping_birds,0,1,0.8686519861221313,FP
3-155642-A-11.wav,sea_waves,0,1,0.6941348314285278,FP
3-155642-B-11.wav,sea_waves,0,1,0.9055801630020142,FP
3-155659-A-34.wav,can_opening,0,1,0.6109572052955627,FP
3-156391-A-35.wav,washing_machine,0,1,0.9966874718666077,FP
3-156393-A-35.wav,washing_machine,0,1,0.9906180500984192,FP
3-156581-B-14.wav,chirping_birds,0,1,0.511216402053833,FP
3-156907-A-15.wav,water_drops,0,1,0.9983659982681274,FP
3-157149-A-10.wav,rain,0,1,0.9999364614486694,FP
3-157187-A-12.wav,crackling_fire,0,1,0.5072150826454163,FP
3-157487-A-10.wav,rain,0,1,0.6577616930007935,FP
3-157492-A-45.wav,train,0,1,0.5372384190559387,FP
3-158056-B-31.wav,mouse_click,0,1,0.9978033900260925,FP
3-158476-A-12.wav,crackling_fire,0,1,0.607695460319519,FP
3-159346-B-36.wav,vacuum_cleaner,0,1,0.6662980914115906,FP
3-159347-B-36.wav,vacuum_cleaner,0,1,0.9999998211860657,FP
3-159445-B-45.wav,train,0,1,0.5021453499794006,FP
3-160993-A-3.wav,cow,0,1,1.0,FP
3-161500-A-17.wav,pouring_water,0,1,0.9893180131912231,FP
3-163607-B-13.wav,crickets,0,1,0.5006242990493774,FP
3-165856-A-41.wav,chainsaw,1,0,0.17220216989517212,FN
3-166324-A-15.wav,water_drops,0,1,1.0,FP
3-166422-A-11.wav,sea_waves,0,1,0.7585787773132324,FP
3-166546-A-34.wav,can_opening,0,1,1.0,FP
3-170015-A-0.wav,dog,0,1,0.6849759817123413,FP
3-170377-A-38.wav,clock_tick,0,1,0.9758512377738953,FP
3-172881-A-48.wav,fireworks,0,1,0.988821268081665,FP
3-172922-A-48.wav,fireworks,0,1,0.9764320850372314,FP
3-180977-A-0.wav,dog,0,1,0.9997556209564209,FP
3-181132-A-14.wav,chirping_birds,0,1,0.6790754795074463,FP
3-181278-A-22.wav,clapping,0,1,0.8403124213218689,FP
3-182710-A-35.wav,washing_machine,0,1,0.9826241731643677,FP
3-182710-B-35.wav,washing_machine,0,1,0.811462938785553,FP
3-187710-A-11.wav,sea_waves,0,1,0.5886555910110474,FP
3-188726-A-35.wav,washing_machine,0,1,0.5656967759132385,FP
3-193767-A-47.wav,airplane,0,1,0.9999905824661255,FP
3-197435-A-22.wav,clapping,0,1,1.0,FP
3-197435-B-22.wav,clapping,0,1,0.9999001026153564,FP
3-203373-A-39.wav,glass_breaking,1,0,0.060529135167598724,FN
3-203374-A-39.wav,glass_breaking,1,0,0.04387960955500603,FN
3-203377-A-39.wav,glass_breaking,1,0,0.005215750075876713,FN
3-208820-A-49.wav,hand_saw,0,1,0.755101203918457,FP
3-216280-A-39.wav,glass_breaking,1,0,0.010694085620343685,FN
3-216281-A-39.wav,glass_breaking,1,0,5.664019919748853e-09,FN
3-216284-A-39.wav,glass_breaking,1,0,7.867387839290141e-13,FN
3-253084-B-2.wav,pig,0,1,0.5284715294837952,FP
3-259622-A-44.wav,engine,0,1,0.5049335956573486,FP
3-51731-B-42.wav,siren,1,0,1.241641668699319e-15,FN
3-51909-A-42.wav,siren,1,0,4.927807367494097e-06,FN
3-62878-A-42.wav,siren,1,0,5.0396027683006356e-14,FN
3-62878-B-42.wav,siren,1,0,2.703154922552057e-29,FN
3-65748-A-12.wav,crackling_fire,0,1,0.7309972643852234,FP
3-68630-B-40.wav,helicopter,0,1,0.5781934261322021,FP
3-68630-C-40.wav,helicopter,0,1,0.9466062188148499,FP
3-70962-B-4.wav,frog,0,1,0.5954884886741638,FP
3-87936-A-46.wav,church_bells,0,1,1.0,FP
3-93010-A-18.wav,toilet_flush,0,1,0.9970305562019348,FP
3-94343-A-25.wav,footsteps,1,0,0.374441921710968,FN
3-94344-A-25.wav,footsteps,1,0,0.42579880356788635,FN
3-94355-A-33.wav,door_wood_creaks,1,0,0.000811643956694752,FN
3-95694-A-5.wav,cat,0,1,0.612403392791748,FP
3-97909-B-49.wav,hand_saw,0,1,0.9596283435821533,FP
3-98193-A-46.wav,church_bells,0,1,0.9999719262123108,FP
3-98771-A-18.wav,toilet_flush,0,1,0.9996224641799927,FP
4-102844-A-49.wav,hand_saw,0,1,0.8019397854804993,FP
4-102871-A-42.wav,siren,1,0,0.16972310841083527,FN
4-107117-A-33.wav,door_wood_creaks,1,0,0.20365285873413086,FN
4-107122-A-33.wav,door_wood_creaks,1,0,0.0006099894526414573,FN
4-108352-A-33.wav,door_wood_creaks,1,0,1.1834068881083626e-12,FN
4-111671-A-42.wav,siren,1,0,7.341273366989753e-09,FN
4-117627-A-25.wav,footsteps,1,0,0.33402374386787415,FN
4-117630-A-25.wav,footsteps,1,0,0.05121550336480141,FN
4-119647-A-48.wav,fireworks,0,1,0.8829395174980164,FP
4-119647-B-48.wav,fireworks,0,1,0.5146905183792114,FP
4-119647-C-48.wav,fireworks,0,1,0.8309777975082397,FP
4-119647-D-48.wav,fireworks,0,1,1.0,FP
4-119648-A-48.wav,fireworks,0,1,0.9997784495353699,FP
4-119648-B-48.wav,fireworks,0,1,0.5254533290863037,FP
4-119648-C-48.wav,fireworks,0,1,0.9856311082839966,FP
4-119648-D-48.wav,fireworks,0,1,1.0,FP
4-119720-A-18.wav,toilet_flush,0,1,0.9655887484550476,FP
4-121532-A-42.wav,siren,1,0,0.2649471163749695,FN
4-123680-A-18.wav,toilet_flush,0,1,0.9956292510032654,FP
4-125070-A-19.wav,thunderstorm,0,1,0.9665038585662842,FP
4-125929-A-40.wav,helicopter,0,1,0.9997053742408752,FP
4-126046-A-18.wav,toilet_flush,0,1,0.9459758996963501,FP
4-126532-A-18.wav,toilet_flush,0,1,0.9096605181694031,FP
4-132383-A-2.wav,pig,0,1,0.6802568435668945,FP
4-132839-A-33.wav,door_wood_creaks,1,0,0.001241995021700859,FN
4-133674-A-26.wav,laughing,0,1,0.9871706962585449,FP
4-133895-A-7.wav,insects,0,1,0.9969033002853394,FP
4-136381-A-9.wav,crow,0,1,0.5894132852554321,FP
4-141365-A-18.wav,toilet_flush,0,1,0.8037658333778381,FP
4-143118-A-7.wav,insects,0,1,0.5153875350952148,FP
4-144083-A-16.wav,wind,0,1,0.9632525444030762,FP
4-144083-B-16.wav,wind,0,1,0.5101038217544556,FP
4-144083-C-16.wav,wind,0,1,0.9984772801399231,FP
4-144085-A-16.wav,wind,0,1,0.9998736381530762,FP
4-145006-A-18.wav,toilet_flush,0,1,0.9784901738166809,FP
4-146200-A-36.wav,vacuum_cleaner,0,1,0.7871481776237488,FP
4-147240-B-2.wav,pig,0,1,0.6760191917419434,FP
4-147657-A-46.wav,church_bells,0,1,0.9999061822891235,FP
4-147658-A-46.wav,church_bells,0,1,0.998051106929779,FP
4-152958-A-18.wav,toilet_flush,0,1,0.9955532550811768,FP
4-154405-B-27.wav,brushing_teeth,0,1,0.562523603439331,FP
4-156844-A-21.wav,sneezing,0,1,0.8783814311027527,FP
4-156993-A-19.wav,thunderstorm,0,1,0.9858149886131287,FP
4-157297-A-21.wav,sneezing,0,1,0.7125911116600037,FP
4-158653-A-32.wav,keyboard_typing,0,1,0.5860063433647156,FP
4-159609-A-14.wav,chirping_birds,0,1,0.5470402836799622,FP
4-160036-A-33.wav,door_wood_creaks,1,0,0.00034649879671633244,FN
4-160999-A-10.wav,rain,0,1,1.0,FP
4-161099-A-47.wav,airplane,0,1,0.8226863145828247,FP
4-161099-B-47.wav,airplane,0,1,0.5069999694824219,FP
4-161100-A-47.wav,airplane,0,1,0.9117769598960876,FP
4-161103-A-47.wav,airplane,0,1,0.9659727215766907,FP
4-161105-A-47.wav,airplane,0,1,0.9701846241950989,FP
4-161105-B-47.wav,airplane,0,1,0.9188375473022461,FP
4-161579-B-40.wav,helicopter,0,1,0.9804723858833313,FP
4-163264-A-10.wav,rain,0,1,0.5408792495727539,FP
4-163606-A-16.wav,wind,0,1,0.9999057054519653,FP
4-163609-A-16.wav,wind,0,1,0.9225299954414368,FP
4-163609-B-16.wav,wind,0,1,0.6122055053710938,FP
4-164021-A-1.wav,rooster,0,1,0.8855540752410889,FP
4-164206-A-10.wav,rain,0,1,0.8505282402038574,FP
4-164243-A-26.wav,laughing,0,1,0.5169609189033508,FP
4-164661-A-12.wav,crackling_fire,0,1,0.594044029712677,FP
4-164661-B-12.wav,crackling_fire,0,1,0.6297120451927185,FP
4-165606-A-45.wav,train,0,1,0.9849122762680054,FP
4-165791-A-45.wav,train,0,1,0.9819225072860718,FP
4-165791-B-45.wav,train,0,1,0.5966113805770874,FP
4-165813-B-19.wav,thunderstorm,0,1,0.5913378000259399,FP
4-166661-A-10.wav,rain,0,1,0.7357056140899658,FP
4-167063-B-11.wav,sea_waves,0,1,0.641430675983429,FP
4-167063-C-11.wav,sea_waves,0,1,0.7073851823806763,FP
4-167077-B-20.wav,crying_baby,0,1,0.9994113445281982,FP
4-167571-A-26.wav,laughing,0,1,0.9872564077377319,FP
4-168155-A-15.wav,water_drops,0,1,0.8530790209770203,FP
4-168446-A-45.wav,train,0,1,0.5183702111244202,FP
4-168868-A-17.wav,pouring_water,0,1,0.7359289526939392,FP
4-169127-A-41.wav,chainsaw,1,0,0.4440062940120697,FN
4-170078-A-1.wav,rooster,0,1,0.7817131876945496,FP
4-171519-A-21.wav,sneezing,0,1,0.6848437786102295,FP
4-171652-A-44.wav,engine,0,1,0.9019924402236938,FP
4-172143-A-13.wav,crickets,0,1,0.5766345858573914,FP
4-172500-B-27.wav,brushing_teeth,0,1,0.5088533759117126,FP
4-172500-C-27.wav,brushing_teeth,0,1,0.6179919838905334,FP
4-172732-A-36.wav,vacuum_cleaner,0,1,1.0,FP
4-172733-A-36.wav,vacuum_cleaner,0,1,0.9999999403953552,FP
4-172736-B-36.wav,vacuum_cleaner,0,1,0.5296905636787415,FP
4-174860-A-3.wav,cow,0,1,0.5530473589897156,FP
4-174860-B-3.wav,cow,0,1,1.0,FP
4-175000-B-40.wav,helicopter,0,1,0.6558943390846252,FP
4-175000-C-40.wav,helicopter,0,1,0.5044544339179993,FP
4-175846-A-43.wav,car_horn,0,1,0.9999327659606934,FP
4-176631-A-43.wav,car_horn,0,1,0.6025502681732178,FP
4-176638-A-43.wav,car_horn,0,1,0.5071161389350891,FP
4-176914-A-23.wav,breathing,0,1,0.5463358759880066,FP
4-177250-A-10.wav,rain,0,1,0.5103300213813782,FP
4-178881-A-45.wav,train,0,1,0.9976818561553955,FP
4-180337-A-28.wav,snoring,0,1,0.5705369114875793,FP
4-180380-A-10.wav,rain,0,1,0.8037193417549133,FP
4-181035-A-38.wav,clock_tick,0,1,0.9981817603111267,FP
4-181286-A-10.wav,rain,0,1,0.640030562877655,FP
4-181362-A-13.wav,crickets,0,1,0.8144434690475464,FP
4-181955-B-3.wav,cow,0,1,0.9991240501403809,FP
4-181955-C-3.wav,cow,0,1,0.9838720560073853,FP
4-181999-A-36.wav,vacuum_cleaner,0,1,0.9321187734603882,FP
4-182314-A-7.wav,insects,0,1,0.9881269335746765,FP
4-182314-B-7.wav,insects,0,1,0.5974212884902954,FP
4-182368-A-12.wav,crackling_fire,0,1,0.6026263236999512,FP
4-182369-A-12.wav,crackling_fire,0,1,0.5455558896064758,FP
4-182395-A-0.wav,dog,0,1,0.9999978542327881,FP
4-182613-A-11.wav,sea_waves,0,1,0.5185121297836304,FP
4-182613-B-11.wav,sea_waves,0,1,0.9397082924842834,FP
4-183882-A-28.wav,snoring,0,1,0.9575200080871582,FP
4-183882-B-28.wav,snoring,0,1,0.9999986290931702,FP
4-183992-A-0.wav,dog,0,1,1.0,FP
4-185415-A-21.wav,sneezing,0,1,0.8081777691841125,FP
4-185575-C-20.wav,crying_baby,0,1,0.99742192029953,FP
4-185619-A-21.wav,sneezing,0,1,0.8419625759124756,FP
4-186936-A-44.wav,engine,0,1,0.6330422759056091,FP
4-186938-A-44.wav,engine,0,1,0.7836455702781677,FP
4-186962-A-44.wav,engine,0,1,0.8770310282707214,FP
4-187769-A-14.wav,chirping_birds,0,1,0.7043001055717468,FP
4-188191-A-29.wav,drinking_sipping,0,1,0.6799291372299194,FP
4-188191-B-29.wav,drinking_sipping,0,1,0.9197141528129578,FP
4-188191-C-29.wav,drinking_sipping,0,1,0.8714770674705505,FP
4-188595-A-29.wav,drinking_sipping,0,1,0.9998451471328735,FP
4-188703-B-8.wav,sheep,0,1,0.9995306730270386,FP
4-188703-C-8.wav,sheep,0,1,0.5987364053726196,FP
4-189830-A-22.wav,clapping,0,1,0.6601108908653259,FP
4-191015-A-43.wav,car_horn,0,1,0.9736369252204895,FP
4-191246-A-7.wav,insects,0,1,0.9928918480873108,FP
4-191297-A-28.wav,snoring,0,1,0.5911960601806641,FP
4-191687-A-0.wav,dog,0,1,0.9239161610603333,FP
4-192068-A-31.wav,mouse_click,0,1,0.6289860010147095,FP
4-193480-A-40.wav,helicopter,0,1,0.9926424026489258,FP
4-193480-B-40.wav,helicopter,0,1,0.9964884519577026,FP
4-194680-A-36.wav,vacuum_cleaner,0,1,0.6010085344314575,FP
4-194979-A-25.wav,footsteps,1,0,0.39851105213165283,FN
4-194981-A-25.wav,footsteps,1,0,0.2501445412635803,FN
4-195451-A-44.wav,engine,0,1,0.5613419413566589,FP
4-197454-B-28.wav,snoring,0,1,0.6227272152900696,FP
4-198360-B-49.wav,hand_saw,0,1,0.8693992495536804,FP
4-198962-B-25.wav,footsteps,1,0,0.11444434523582458,FN
4-200330-B-6.wav,hen,0,1,0.546366810798645,FP
4-201300-A-31.wav,mouse_click,0,1,0.9841585755348206,FP
4-201988-A-44.wav,engine,0,1,0.7853056192398071,FP
4-204202-A-29.wav,drinking_sipping,0,1,0.9999663829803467,FP
4-204683-A-31.wav,mouse_click,0,1,0.8306685090065002,FP
4-207124-A-0.wav,dog,0,1,0.8880571126937866,FP
4-208021-A-1.wav,rooster,0,1,0.9347310662269592,FP
4-209698-A-37.wav,clock_alarm,0,1,0.7618764638900757,FP
4-210309-A-31.wav,mouse_click,0,1,0.9678812026977539,FP
4-210593-A-29.wav,drinking_sipping,0,1,0.7318249940872192,FP
4-211502-A-30.wav,door_wood_knock,1,0,0.004790597595274448,FN
4-212698-A-39.wav,glass_breaking,1,0,0.006168405059725046,FN
4-213193-A-29.wav,drinking_sipping,0,1,1.0,FP
4-213915-A-3.wav,cow,0,1,0.9999874830245972,FP
4-213915-B-3.wav,cow,0,1,0.9999874830245972,FP
4-213915-C-3.wav,cow,0,1,0.8753020167350769,FP
4-218199-A-35.wav,washing_machine,0,1,0.9994816184043884,FP
4-218199-B-35.wav,washing_machine,0,1,0.9986740946769714,FP
4-218199-C-35.wav,washing_machine,0,1,0.8576539158821106,FP
4-218199-F-35.wav,washing_machine,0,1,0.8381983041763306,FP
4-218199-G-35.wav,washing_machine,0,1,0.9987693428993225,FP
4-218199-H-35.wav,washing_machine,0,1,0.9999699592590332,FP
4-218304-A-25.wav,footsteps,1,0,2.5385138542333152e-06,FN
4-223127-A-14.wav,chirping_birds,0,1,0.5245213508605957,FP
4-234644-A-2.wav,pig,0,1,0.5836126804351807,FP
4-244318-A-6.wav,hen,0,1,0.6505076289176941,FP
4-250869-A-2.wav,pig,0,1,0.5256975293159485,FP
4-250869-C-2.wav,pig,0,1,0.7188742756843567,FP
4-251959-A-47.wav,airplane,0,1,0.9975319504737854,FP
4-253649-A-6.wav,hen,0,1,0.9534212946891785,FP
4-255371-A-47.wav,airplane,0,1,0.9479889273643494,FP
4-67358-A-42.wav,siren,1,0,1.5303528925869614e-05,FN
4-90014-A-42.wav,siren,1,0,3.813109383798974e-09,FN
4-90014-B-42.wav,siren,1,0,4.538537989873248e-09,FN
5-103418-A-2.wav,pig,0,1,0.8929798007011414,FP
5-117120-A-42.wav,siren,1,0,6.185300535643812e-12,FN
5-133989-B-42.wav,siren,1,0,7.592667543576681e-07,FN
5-141683-A-35.wav,washing_machine,0,1,0.982419490814209,FP
5-156026-B-4.wav,frog,0,1,0.9980283379554749,FP
5-156999-B-19.wav,thunderstorm,0,1,0.7779221534729004,FP
5-156999-E-19.wav,thunderstorm,0,1,0.6556960940361023,FP
5-157204-A-16.wav,wind,0,1,0.59711092710495,FP
5-157204-B-16.wav,wind,0,1,0.628057062625885,FP
5-160551-A-42.wav,siren,1,0,1.3132675746874156e-07,FN
5-160614-A-48.wav,fireworks,0,1,0.9616367220878601,FP
5-160614-F-48.wav,fireworks,0,1,0.5787020921707153,FP
5-160614-H-48.wav,fireworks,0,1,0.6182880997657776,FP
5-171118-A-26.wav,laughing,0,1,0.6405903100967407,FP
5-173568-A-33.wav,door_wood_creaks,1,0,3.5986553492072445e-36,FN
5-177957-A-40.wav,helicopter,0,1,0.8089195489883423,FP
5-177957-B-40.wav,helicopter,0,1,0.7325649857521057,FP
5-177957-C-40.wav,helicopter,0,1,0.9233969449996948,FP
5-177957-D-40.wav,helicopter,0,1,0.9865365028381348,FP
5-177957-E-40.wav,helicopter,0,1,0.8433256149291992,FP
5-179496-A-16.wav,wind,0,1,0.9999997615814209,FP
5-179496-B-16.wav,wind,0,1,1.0,FP
5-179860-A-43.wav,car_horn,0,1,0.5879306197166443,FP
5-180156-A-43.wav,car_horn,0,1,0.5577660202980042,FP
5-180156-C-43.wav,car_horn,0,1,0.7261423468589783,FP
5-181977-A-35.wav,washing_machine,0,1,1.0,FP
5-182007-A-36.wav,vacuum_cleaner,0,1,0.821969211101532,FP
5-184323-A-42.wav,siren,1,0,1.1408751277031115e-08,FN
5-186924-A-12.wav,crackling_fire,0,1,0.6227049231529236,FP
5-187201-B-4.wav,frog,0,1,0.574129581451416,FP
5-187444-A-33.wav,door_wood_creaks,1,0,0.0415959395468235,FN
5-187979-A-21.wav,sneezing,0,1,0.8615257740020752,FP
5-188365-A-36.wav,vacuum_cleaner,0,1,1.0,FP
5-188606-A-33.wav,door_wood_creaks,1,0,0.07097750157117844,FN
5-188655-A-10.wav,rain,0,1,0.5599124431610107,FP
5-188796-A-45.wav,train,0,1,0.9656112194061279,FP
5-188945-A-45.wav,train,0,1,0.627598762512207,FP
5-191131-A-40.wav,helicopter,0,1,0.9780958294868469,FP
5-193339-A-10.wav,rain,0,1,0.8589163422584534,FP
5-193473-B-12.wav,crackling_fire,0,1,0.5745673775672913,FP
5-194892-A-10.wav,rain,0,1,0.888943076133728,FP
5-194899-A-3.wav,cow,0,1,0.9982773065567017,FP
5-194899-C-3.wav,cow,0,1,0.9824899435043335,FP
5-194899-D-3.wav,cow,0,1,1.0,FP
5-194932-A-7.wav,insects,0,1,1.0,FP
5-195517-A-7.wav,insects,0,1,0.9994984865188599,FP
5-195518-A-7.wav,insects,0,1,0.9984179735183716,FP
5-195557-A-19.wav,thunderstorm,0,1,0.8245514631271362,FP
5-197118-A-45.wav,train,0,1,0.9707972407341003,FP
5-197121-A-45.wav,train,0,1,0.5051969885826111,FP
5-197913-A-18.wav,toilet_flush,0,1,0.9679378867149353,FP
5-198278-A-7.wav,insects,0,1,0.9999859929084778,FP
5-198278-B-7.wav,insects,0,1,0.9999889135360718,FP
5-198278-C-7.wav,insects,0,1,0.9999901652336121,FP
5-198321-A-10.wav,rain,0,1,0.9578796625137329,FP
5-198373-A-46.wav,church_bells,0,1,0.9999997019767761,FP
5-198411-B-20.wav,crying_baby,0,1,1.0,FP
5-198411-C-20.wav,crying_baby,0,1,1.0,FP
5-198411-D-20.wav,crying_baby,0,1,0.9999955296516418,FP
5-198411-E-20.wav,crying_baby,0,1,0.9997071623802185,FP
5-198600-A-45.wav,train,0,1,0.8234687447547913,FP
5-199284-B-45.wav,train,0,1,0.9861920475959778,FP
5-200329-A-8.wav,sheep,0,1,0.5427764654159546,FP
5-200329-C-8.wav,sheep,0,1,0.9964940547943115,FP
5-200339-A-1.wav,rooster,0,1,0.6166365146636963,FP
5-200461-A-11.wav,sea_waves,0,1,0.5566169619560242,FP
5-200461-B-11.wav,sea_waves,0,1,0.5252745151519775,FP
5-201172-A-46.wav,church_bells,0,1,0.9999313950538635,FP
5-201664-A-18.wav,toilet_flush,0,1,0.8594064712524414,FP
5-202795-A-3.wav,cow,0,1,0.5911504626274109,FP
5-203739-A-10.wav,rain,0,1,0.5257084369659424,FP
5-205898-A-40.wav,helicopter,0,1,0.6512442827224731,FP
5-207681-A-24.wav,coughing,0,1,0.9994328022003174,FP
5-207811-A-35.wav,washing_machine,0,1,0.9927570223808289,FP
5-207811-B-35.wav,washing_machine,0,1,0.9999581575393677,FP
5-207836-A-29.wav,drinking_sipping,0,1,0.5212999582290649,FP
5-207836-B-29.wav,drinking_sipping,0,1,0.6614634990692139,FP
5-207836-D-29.wav,drinking_sipping,0,1,0.9795526266098022,FP
5-208030-A-0.wav,dog,0,1,0.9570736885070801,FP
5-208761-A-24.wav,coughing,0,1,0.7373351454734802,FP
5-209719-A-24.wav,coughing,0,1,1.0,FP
5-209992-A-44.wav,engine,0,1,0.6883394718170166,FP
5-209992-B-44.wav,engine,0,1,0.9600359797477722,FP
5-211197-A-24.wav,coughing,0,1,0.9996302723884583,FP
5-212054-A-36.wav,vacuum_cleaner,0,1,0.9612258672714233,FP
5-212059-A-36.wav,vacuum_cleaner,0,1,0.6574358344078064,FP
5-213077-A-11.wav,sea_waves,0,1,0.7744889259338379,FP
5-213802-A-12.wav,crackling_fire,0,1,0.5677143931388855,FP
5-213836-C-9.wav,crow,0,1,0.5052610635757446,FP
5-215179-A-13.wav,crickets,0,1,0.585802435874939,FP
5-215445-A-47.wav,airplane,0,1,0.942964494228363,FP
5-215447-A-47.wav,airplane,0,1,0.7935755252838135,FP
5-215449-A-47.wav,airplane,0,1,0.9561804533004761,FP
5-216368-A-28.wav,snoring,0,1,0.5374253988265991,FP
5-217186-A-16.wav,wind,0,1,0.9145712852478027,FP
5-217186-B-16.wav,wind,0,1,0.9907849431037903,FP
5-217186-C-16.wav,wind,0,1,0.8416813015937805,FP
5-218980-A-30.wav,door_wood_knock,1,0,0.4845125079154968,FN
5-218981-A-30.wav,door_wood_knock,1,0,0.02526385337114334,FN
5-221518-A-21.wav,sneezing,0,1,0.7246873378753662,FP
5-221528-A-39.wav,glass_breaking,1,0,0.16505484282970428,FN
5-221529-A-39.wav,glass_breaking,1,0,4.360103389444703e-08,FN
5-223810-A-35.wav,washing_machine,0,1,0.997642457485199,FP
5-231762-A-0.wav,dog,0,1,0.7729440331459045,FP
5-232272-A-44.wav,engine,0,1,0.9414433836936951,FP
5-232816-A-23.wav,breathing,0,1,0.5305424928665161,FP
5-233312-A-28.wav,snoring,0,1,0.9534626007080078,FP
5-233605-A-39.wav,glass_breaking,1,0,0.0,FN
5-233787-A-7.wav,insects,0,1,0.9914284944534302,FP
5-234145-A-28.wav,snoring,0,1,0.6181508302688599,FP
5-234879-B-1.wav,rooster,0,1,0.9596081376075745,FP
5-235593-A-23.wav,breathing,0,1,0.9831305146217346,FP
5-235893-A-28.wav,snoring,0,1,0.9928027987480164,FP
5-236288-A-28.wav,snoring,0,1,0.574621319770813,FP
5-237795-A-34.wav,can_opening,0,1,0.8771526217460632,FP
5-238021-A-35.wav,washing_machine,0,1,0.9969512820243835,FP
5-238926-A-31.wav,mouse_click,0,1,0.6633880138397217,FP
5-240671-A-44.wav,engine,0,1,0.8505472540855408,FP
5-241846-A-15.wav,water_drops,0,1,0.5092349648475647,FP
5-242491-A-14.wav,chirping_birds,0,1,0.5187727808952332,FP
5-242492-A-3.wav,cow,0,1,1.0,FP
5-242932-B-26.wav,laughing,0,1,0.9505437016487122,FP
5-243025-A-25.wav,footsteps,1,0,0.03348833695054054,FN
5-243459-B-14.wav,chirping_birds,0,1,0.5726900696754456,FP
5-243635-A-29.wav,drinking_sipping,0,1,0.6591483950614929,FP
5-243773-A-44.wav,engine,0,1,0.9916583299636841,FP
5-243773-B-44.wav,engine,0,1,0.8398422002792358,FP
5-243783-A-44.wav,engine,0,1,0.9692104458808899,FP
5-244310-A-25.wav,footsteps,1,0,0.37868204712867737,FN
5-244315-A-6.wav,hen,0,1,0.5869903564453125,FP
5-244459-A-28.wav,snoring,0,1,0.5176219344139099,FP
5-244933-A-34.wav,can_opening,0,1,0.7086036801338196,FP
5-245040-A-35.wav,washing_machine,0,1,1.0,FP
5-248341-A-6.wav,hen,0,1,0.5731264352798462,FP
5-248341-B-6.wav,hen,0,1,0.8159888982772827,FP
5-250753-A-34.wav,can_opening,0,1,0.6260164976119995,FP
5-251426-B-30.wav,door_wood_knock,1,0,0.004665255546569824,FN
5-251957-A-47.wav,airplane,0,1,0.526589572429657,FP
5-251962-A-47.wav,airplane,0,1,0.9753036499023438,FP
5-251971-A-47.wav,airplane,0,1,0.7976911664009094,FP
5-253085-A-3.wav,cow,0,1,0.9996692538261414,FP
5-253085-B-3.wav,cow,0,1,1.0,FP
5-253094-B-49.wav,hand_saw,0,1,0.97990882396698,FP
5-253101-A-49.wav,hand_saw,0,1,0.9787600636482239,FP
5-253101-B-49.wav,hand_saw,0,1,0.7851734161376953,FP
5-253101-C-49.wav,hand_saw,0,1,0.6521313786506653,FP
5-253534-A-26.wav,laughing,0,1,0.7025394439697266,FP
5-254160-A-22.wav,clapping,0,1,0.6031551361083984,FP
5-259180-A-15.wav,water_drops,0,1,0.9540526270866394,FP
5-260164-A-23.wav,breathing,0,1,0.9999573826789856,FP
5-260432-A-39.wav,glass_breaking,1,0,0.0436776839196682,FN
5-260433-A-39.wav,glass_breaking,1,0,0.2621685266494751,FN
5-260434-A-39.wav,glass_breaking,1,0,1.6686601156834513e-05,FN
5-260875-A-35.wav,washing_machine,0,1,0.9981167912483215,FP
5-261464-A-23.wav,breathing,0,1,0.9487186670303345,FP
5-263491-A-25.wav,footsteps,1,0,0.2051834613084793,FN
5-263501-A-25.wav,footsteps,1,0,0.43575969338417053,FN
5-263775-B-26.wav,laughing,0,1,0.5164875984191895,FP
5-263902-A-36.wav,vacuum_cleaner,0,1,0.956005334854126,FP
5-61635-A-8.wav,sheep,0,1,0.7313279509544373,FP
