"filename","split","group_id"
"abnormal/가까운 노크소리 0626.wav","train","abnormal_train_001"
"abnormal/노크.wav","train","abnormal_train_002"
"abnormal/문고리 당김 (1).wav","train","abnormal_train_003"
"abnormal/문고리 당김 (night).wav","train","abnormal_train_004"
"abnormal/문고리 당김.wav","train","abnormal_train_005"
"abnormal/빠른 노크 1.wav","train","abnormal_train_006"
"abnormal/빠른 노크2.wav","train","abnormal_train_007"
"abnormal/빠른 노크3.wav","train","abnormal_train_008"
"abnormal/센 문 노크1.wav","train","abnormal_train_009"
"abnormal/아파트 현관문 노크1.wav","train","abnormal_train_010"
"abnormal/아파트 현관문 노크2.wav","train","abnormal_train_011"
"abnormal/아파트 현관문 노크3.wav","train","abnormal_train_012"
"abnormal/초인종 소리1.wav","train","abnormal_train_013"
"abnormal/초인종 소리2.wav","train","abnormal_train_014"
"abnormal/초인종 소리3.wav","validation","abnormal_validation_015"
"abnormal/초인종 소리4.wav","validation","abnormal_validation_016"
"abnormal/현관문 노크 4.wav","validation","abnormal_validation_017"
"abnormal/현관문 노크1.wav","test","abnormal_test_018"
"abnormal/현관문 노크2.wav","test","abnormal_test_019"
"abnormal/현관문 노크3.wav","test","abnormal_test_020"
"abnormal/현관문 노크5.wav","test","abnormal_test_021"
