video,track_id,frame_count,move_distance
C021_A20_SY15_P01_S01_01DAS,1,600,1519.3896127042851
C021_A20_SY15_P01_S01_01DAS,2,88,10.101263316149446
C021_A20_SY15_P01_S01_01DAS,4,356,49.09045893233146
C021_A20_SY15_P01_S01_01DBS,1,600,1425.0929489140017
C021_A20_SY15_P01_S01_02DAS,1,600,1548.4857907698247
C021_A20_SY15_P01_S01_02DAS,6,137,20.50121111728393
C021_A20_SY15_P01_S01_02DAS,7,3,0.23317132123282097
C021_A20_SY15_P01_S01_02DAS,8,2,0.07643795003314034
C021_A20_SY15_P01_S01_02DAS,10,181,27.54235393506197
C021_A20_SY15_P01_S01_02DBS,11,599,1343.313075515137
C021_A20_SY15_P01_S01_02DBS,15,3,12.416482439199145
C021_A20_SY15_P01_S01_02DBS,19,2,0.550710677172447
C021_A20_SY15_P01_S02_01DAS,11,600,1723.7694039650526
C021_A20_SY15_P01_S02_01DAS,20,534,84.84394391562091
C021_A20_SY15_P01_S02_01DAS,23,82,21.305595632647943
C021_A20_SY15_P01_S02_01DAS,24,48,124.41786430740433
C021_A20_SY15_P01_S02_01DAS,25,7,3.541044339800948
C021_A20_SY15_P01_S02_01DAS,26,8,91.17284545513823
C021_A20_SY15_P01_S02_01DAS,33,276,30.80638131633096
C021_A20_SY15_P01_S02_01DAS,35,8,77.65442685038012
C021_A20_SY15_P01_S02_01DAS,36,2,9.349438036675533
C021_A20_SY15_P01_S02_01DAS,37,7,19.610560310543164
C021_A20_SY15_P01_S02_01DBS,38,599,1111.71629151167
C021_A20_SY15_P01_S02_01DBS,40,11,84.58421518357123
C021_A20_SY15_P01_S02_01DBS,44,7,75.64435844524978
C021_A20_SY15_P01_S02_01DBS,45,72,258.1715306685347
C021_A20_SY15_P01_S02_01DBS,48,50,139.962069794671
C021_A20_SY15_P01_S02_01DBS,50,1,0.0
C021_A20_SY15_P01_S02_02DAS,38,599,1522.6390320857174
C021_A20_SY15_P01_S02_02DAS,54,27,7.05680100356854
C021_A20_SY15_P01_S02_02DAS,56,505,88.34586292542976
C021_A20_SY15_P01_S02_02DAS,57,59,64.31030981159437
C021_A20_SY15_P01_S02_02DAS,61,5,14.263885373616572
C021_A20_SY15_P01_S02_02DAS,62,7,3.275265542054299
C021_A20_SY15_P01_S02_02DAS,67,1,0.0
C021_A20_SY15_P01_S02_02DAS,68,54,2.99543681643105
C021_A20_SY15_P01_S02_02DBS,69,599,1190.7520577978898
C021_A20_SY15_P01_S02_02DBS,72,3,11.501197861800932
C021_A20_SY15_P01_S02_02DBS,73,4,16.73638416225712
C021_A20_SY15_P01_S02_02DBS,74,2,7.498999107168986
C021_A20_SY15_P01_S02_02DBS,75,12,12.544447438356407
C021_A20_SY15_P01_S02_02DBS,76,2,11.405136138356779
C021_A20_SY15_P01_S03_01NAS,79,599,1412.261229978632
C021_A20_SY15_P01_S03_01NAS,80,41,100.18361285979582
C021_A20_SY15_P01_S03_01NAS,84,11,8.129929038938617
C021_A20_SY15_P01_S03_01NAS,85,3,3.497987364213974
C021_A20_SY15_P01_S03_01NAS,87,41,97.23429614215073
C021_A20_SY15_P01_S03_01NAS,91,10,4.389506608273341
C021_A20_SY15_P01_S03_01NAS,92,1,0.0
C021_A20_SY15_P01_S03_01NAS,94,13,24.30319873256531
C021_A20_SY15_P01_S03_01NAS,95,20,24.434226677626558
C021_A20_SY15_P01_S03_01NAS,96,24,16.252332714543147
C021_A20_SY15_P01_S03_01NBS,98,599,1676.041931959154
C021_A20_SY15_P01_S03_01NBS,99,46,60.740009186414085
C021_A20_SY15_P01_S03_01NBS,103,388,377.3453638343642
C021_A20_SY15_P01_S03_02NAS,98,600,1781.3085849654492
C021_A20_SY15_P01_S03_02NAS,106,6,13.225807315275093
C021_A20_SY15_P01_S03_02NAS,108,6,8.131463148364919
C021_A20_SY15_P01_S03_02NAS,109,3,5.423779954044921
C021_A20_SY15_P01_S03_02NAS,111,86,171.470180837429
C021_A20_SY15_P01_S03_02NAS,113,1,0.0
C021_A20_SY15_P01_S03_02NAS,114,10,16.519151867086727
C021_A20_SY15_P01_S03_02NAS,115,10,12.043156825819816
C021_A20_SY15_P01_S03_02NAS,119,4,0.8924165828516109
C021_A20_SY15_P01_S03_02NAS,122,5,7.333669167613505
C021_A20_SY15_P01_S03_02NAS,123,11,19.383550025345247
C021_A20_SY15_P01_S03_02NAS,124,7,11.356901042701061
C021_A20_SY15_P01_S03_02NAS,127,3,5.39074218274593
C021_A20_SY15_P01_S03_02NAS,133,10,5.335035140086866
C021_A20_SY15_P01_S03_02NAS,134,4,0.4115286100088523
C021_A20_SY15_P01_S03_02NAS,135,12,5.132382921379645
C021_A20_SY15_P01_S03_02NAS,136,9,37.354032405090166
C021_A20_SY15_P01_S03_02NBS,137,599,1977.6552191252097
C021_A20_SY15_P01_S03_02NBS,138,46,132.8476127920297
C021_A20_SY15_P01_S03_02NBS,140,15,69.43427856936549
C021_A20_SY15_P01_S03_02NBS,141,57,53.32904662065854
C021_A20_SY15_P01_S03_02NBS,144,188,197.2336453335501
C021_A20_SY15_P01_S04_01DAS,148,599,2416.541492143502
C021_A20_SY15_P01_S04_01DAS,149,1,0.0
C021_A20_SY15_P01_S04_01DAS,150,14,3.9649280844072843
C021_A20_SY15_P01_S04_01DAS,151,4,3.4691282343073766
C021_A20_SY15_P01_S04_01DBS,155,599,2246.3653651599266
C021_A20_SY15_P01_S04_01DBS,162,5,26.81673939358383
C021_A20_SY15_P01_S04_01DBS,164,3,10.67059105793517
C021_A20_SY15_P01_S04_01DBS,165,42,48.50527109743228
C021_A20_SY15_P01_S04_01DBS,167,2,2.4992095541900383
C021_A20_SY15_P01_S04_01DBS,170,2,11.706549690235205
C021_A20_SY15_P01_S04_01DBS,173,19,31.411272292916088
C021_A20_SY15_P01_S04_01DBS,174,2,0.041500540204151615
C021_A20_SY15_P01_S04_01DBS,178,1,0.0
C021_A20_SY15_P01_S04_01DBS,181,19,28.80439208680652
C021_A20_SY15_P01_S04_02DAS,186,599,2007.632422484488
C021_A20_SY15_P01_S04_02DAS,188,31,6.2590027971949205
C021_A20_SY15_P01_S04_02DAS,190,1,0.0
C021_A20_SY15_P01_S04_02DAS,192,29,12.174727844231988
C021_A20_SY15_P01_S04_02DAS,195,2,0.11955346433996848
C021_A20_SY15_P01_S04_02DAS,197,56,17.14334935556276
C021_A20_SY15_P01_S04_02DBS,186,600,2167.269217596524
C021_A20_SY15_P01_S04_02DBS,199,5,28.715096274267896
C021_A20_SY15_P01_S04_02DBS,201,2,12.350324519612935
C021_A20_SY15_P01_S04_02DBS,205,11,0.7043688544567261
C021_A20_SY15_P01_S04_02DBS,211,42,45.2622482057742
C021_A20_SY15_P01_S04_02DBS,214,12,17.922385918326945
C021_A20_SY15_P01_S04_02DBS,216,13,9.387535249199884
C021_A20_SY15_P01_S04_02DBS,218,5,0.9460538108768407
C021_A20_SY15_P01_S04_02DBS,219,1,0.0
C021_A20_SY15_P01_S04_02DBS,221,10,2.940222015277485
C021_A20_SY15_P01_S04_02DBS,223,48,5.710679986505857
C021_A20_SY15_P01_S04_02DBS,224,3,9.371014965708842
C021_A20_SY15_P01_S04_02DBS,225,20,2.573344881989981
C021_A20_SY15_P01_S04_02DBS,226,3,0.8141902425793895
C021_A20_SY15_P01_S04_02DBS,227,1,0.0
C021_A20_SY15_P01_S04_02DBS,228,3,10.672336187309524
C021_A20_SY15_P01_S04_02DBS,229,6,57.66438129806641
C021_A20_SY15_P01_S04_02DBS,230,11,49.074295410559934
C021_A20_SY15_P01_S04_02DBS,231,8,0.6772668861096156
C021_A20_SY15_P01_S05_01DAS,186,600,1545.814182141764
C021_A20_SY15_P01_S05_01DAS,232,599,297.3558908051796
C021_A20_SY15_P01_S05_01DBS,234,599,1641.7569740299684
C021_A20_SY15_P01_S05_01DBS,236,29,29.1757271076786
C021_A20_SY15_P01_S05_01DBS,237,86,20.601636850570426
C021_A20_SY15_P01_S05_01DBS,238,5,11.728200904990738
C021_A20_SY15_P01_S05_01DBS,239,3,4.430672891183668
C021_A20_SY15_P01_S05_01DBS,241,275,64.49244525927813
C021_A20_SY15_P01_S05_01DBS,242,89,137.9646033634604
C021_A20_SY15_P01_S05_01DBS,244,32,42.48007367059423
C021_A20_SY15_P01_S05_01DBS,245,20,34.52357009770234
C021_A20_SY15_P01_S05_02DAS,246,599,1381.6403278233518
C021_A20_SY15_P01_S05_02DAS,247,599,203.94872668186053
C021_A20_SY15_P01_S05_02DAS,249,132,28.908623491023164
C021_A20_SY15_P01_S05_02DAS,250,3,20.58214322486134
C021_A20_SY15_P01_S05_02DAS,251,15,2.1585968587446587
C021_A20_SY15_P01_S05_02DAS,253,73,12.088922437558038
C021_A20_SY15_P01_S05_02DBS,255,599,1774.992834911848
C021_A20_SY15_P01_S05_02DBS,256,98,23.7465470574803
C021_A20_SY15_P01_S05_02DBS,257,35,60.88740678265174
C021_A20_SY15_P01_S05_02DBS,258,179,36.26479209335688
C021_A20_SY15_P01_S05_02DBS,261,5,5.846848683876733
C021_A20_SY15_P01_S05_02DBS,263,12,0.9950689798644939
C021_A20_SY15_P01_S05_02DBS,264,21,4.358127995514641
C021_A20_SY15_P01_S05_02DBS,267,15,43.244141548205505
C021_A20_SY15_P01_S05_02DBS,268,80,15.041931912480415
C021_A20_SY15_P01_S05_02DBS,269,10,22.18574987831296
C021_A20_SY15_P01_S06_01DAS,255,600,1782.3588662557606
C021_A20_SY15_P01_S06_01DAS,271,1,0.0
C021_A20_SY15_P01_S06_01DBS,255,600,892.2852593635139
C021_A20_SY15_P01_S06_02DAS,273,599,1760.1695281255252
C021_A20_SY15_P01_S06_02DBS,273,600,831.4737202864526
C021_A20_SY15_P01_S07_01DAS,282,599,2217.652727729003
C021_A20_SY15_P01_S07_01DAS,283,1,0.0
C021_A20_SY15_P01_S07_01DAS,284,4,17.478410378502115
C021_A20_SY15_P01_S07_01DAS,285,3,4.625716147656448
C021_A20_SY15_P01_S07_01DAS,286,6,8.237070081960272
C021_A20_SY15_P01_S07_01DAS,289,16,23.971038820955002
C021_A20_SY15_P01_S07_01DBS,291,599,2051.2947689800985
C021_A20_SY15_P01_S07_01DBS,292,45,165.6526747610297
C021_A20_SY15_P01_S07_01DBS,293,2,4.97721720911429
C021_A20_SY15_P01_S07_01DBS,294,49,12.491300436356973
C021_A20_SY15_P01_S07_01DBS,295,50,170.348973844068
C021_A20_SY15_P01_S07_01DBS,296,1,0.0
C021_A20_SY15_P01_S07_01DBS,297,23,212.26595485453902
C021_A20_SY15_P01_S07_01DBS,301,9,19.459987433559437
C021_A20_SY15_P01_S07_01DBS,304,94,212.58357599092972
C021_A20_SY15_P01_S07_01DBS,306,75,140.0731405049612
C021_A20_SY15_P01_S07_01DBS,307,2,0.11586688201913373
C021_A20_SY15_P01_S07_02DAS,291,600,2236.3292624264495
C021_A20_SY15_P01_S07_02DAS,308,3,4.71686969780692
C021_A20_SY15_P01_S07_02DAS,309,23,50.400953225700356
C021_A20_SY15_P01_S07_02DBS,313,599,1141.574375561885
C021_A20_SY15_P01_S07_02DBS,316,4,1.123732925769485
C021_A20_SY15_P01_S07_02DBS,317,59,182.1902917894598
C021_A20_SY15_P01_S07_02DBS,319,79,102.14856614685618
C021_A20_SY15_P01_S07_02DBS,320,2,4.105217270358239
C021_A20_SY15_P01_S07_02DBS,321,1,0.0
C021_A20_SY15_P01_S07_02DBS,324,18,5.969292949805239
C021_A20_SY15_P01_S07_02DBS,326,79,119.01899603961708
C021_A20_SY15_P01_S07_02DBS,328,6,0.9648223395669295
C021_A20_SY15_P01_S08_01DAS,330,599,2217.652727729003
C021_A20_SY15_P01_S08_01DAS,331,1,0.0
C021_A20_SY15_P01_S08_01DAS,332,4,17.478410378502115
C021_A20_SY15_P01_S08_01DAS,333,3,4.625716147656448
C021_A20_SY15_P01_S08_01DAS,334,6,8.237070081960272
C021_A20_SY15_P01_S08_01DAS,337,16,23.971038820955002
C021_A20_SY15_P01_S08_01DBS,330,600,1533.598740878419
C021_A20_SY15_P01_S08_01DBS,340,41,7.3782227820009085
C021_A20_SY15_P01_S08_01DBS,343,1,0.0
C021_A20_SY15_P01_S08_01DBS,347,452,92.3745090804475
C021_A20_SY15_P01_S08_02DAS,330,600,2261.4985221429993
C021_A20_SY15_P01_S08_02DAS,348,3,4.71686969780692
C021_A20_SY15_P01_S08_02DAS,349,23,50.400953225700356
C021_A20_SY15_P01_S08_02DBS,353,590,1441.2449380657063
C021_A20_SY15_P01_S08_02DBS,355,5,1.8221781501598329
C021_A20_SY15_P01_S08_02DBS,356,9,42.97016158854872
C021_A20_SY15_P01_S08_02DBS,358,5,1.0558366276299316
C021_A20_SY15_P01_S08_02DBS,359,246,52.7488021153079
C021_A20_SY15_P01_S08_02DBS,362,46,7.959773834873823
C021_A20_SY15_P01_S09_01DAS,363,599,2170.0838343527703
C021_A20_SY15_P01_S09_01DAS,364,524,215.14529289418815
C021_A20_SY15_P01_S09_01DAS,366,9,13.774931663294424
C021_A20_SY15_P01_S09_01DAS,368,32,271.25335404000674
C021_A20_SY15_P01_S09_01DAS,369,10,47.60966241739284
C021_A20_SY15_P01_S09_01DAS,370,8,116.9401042699619
C021_A20_SY15_P01_S09_01DAS,379,42,185.8631677869269
C021_A20_SY15_P01_S09_01DAS,381,32,10.994557609559797
C021_A20_SY15_P01_S09_01DAS,384,6,26.168072544856315
C021_A20_SY15_P01_S09_01DAS,385,19,131.94431410003412
C021_A20_SY15_P01_S09_01DAS,386,56,386.7197175587064
C021_A20_SY15_P01_S09_01DAS,387,8,68.2125013923037
C021_A20_SY15_P01_S09_01DAS,390,1,0.0
C021_A20_SY15_P01_S09_01DAS,391,1,0.0
C021_A20_SY15_P01_S09_01DAS,392,3,20.292777304216298
C021_A20_SY15_P01_S09_01DAS,396,56,388.3908525934818
C021_A20_SY15_P01_S09_01DAS,397,19,49.63548479003385
C021_A20_SY15_P01_S09_01DAS,402,4,4.2352328483724655
C021_A20_SY15_P01_S09_01DAS,403,3,36.47699080215409
C021_A20_SY15_P01_S09_01DAS,404,41,245.12146213641708
C021_A20_SY15_P01_S09_01DAS,405,27,102.09446325512646
C021_A20_SY15_P01_S09_01DAS,406,22,44.208230210570974
C021_A20_SY15_P01_S09_01DAS,408,15,28.911188483138172
C021_A20_SY15_P01_S09_01DAS,409,10,113.77265777669656
C021_A20_SY15_P01_S09_01DBS,363,600,2020.3356111954638
C021_A20_SY15_P01_S09_01DBS,410,12,3.077356136451857
C021_A20_SY15_P01_S09_01DBS,411,11,8.318945073783773
C021_A20_SY15_P01_S09_02DBS,363,570,1713.4057617055412
C021_A20_SY15_P01_S09_02DBS,413,29,177.3556453160225
C021_A20_SY15_P01_S09_02DBS,415,10,10.05948250214296
C021_A20_SY15_P01_S09_02DBS,417,9,2.8506775091702
C021_A20_SY15_P01_S09_02DBS,419,6,1.1123214820876832
C021_A20_SY15_P01_S10_01DAS,423,599,1758.2143958158101
C021_A20_SY15_P01_S10_01DAS,424,12,2.018064448600894
C021_A20_SY15_P01_S10_01DAS,425,4,5.0692878953675455
C021_A20_SY15_P01_S10_01DAS,426,415,112.84476006255007
C021_A20_SY15_P01_S10_01DAS,427,3,9.691899492385147
C021_A20_SY15_P01_S10_01DAS,429,8,252.7424391506665
C021_A20_SY15_P01_S10_01DBS,423,600,2664.358742271776
C021_A20_SY15_P01_S10_01DBS,430,599,78.0681762763605
C021_A20_SY15_P01_S10_01DBS,431,595,80.93315192888011
C021_A20_SY15_P01_S10_01DBS,432,245,78.98827043163477
C021_A20_SY15_P01_S10_01DBS,433,33,3.196502476184282
C021_A20_SY15_P01_S10_01DBS,434,72,11.934351257808316
C021_A20_SY15_P01_S10_01DBS,437,1,0.0
C021_A20_SY15_P01_S10_01DBS,438,5,0.502072504826214
C021_A20_SY15_P01_S10_01DBS,439,1,0.0
C021_A20_SY15_P01_S10_01DBS,441,12,2.3753276172866435
C021_A20_SY15_P01_S10_01DBS,442,72,68.15418886530917
C021_A20_SY15_P01_S10_01DBS,443,47,3.716442569825797
C021_A20_SY15_P01_S10_01DBS,444,20,4.9319863875985765
C021_A20_SY15_P01_S10_01DBS,445,1,0.0
C021_A20_SY15_P01_S10_01DBS,447,10,0.971821034979963
C021_A20_SY15_P01_S10_01DBS,448,2,0.04978321584973533
C021_A20_SY15_P01_S10_01DBS,449,25,1.6045410431779075
C021_A20_SY15_P01_S10_01DBS,450,33,3.9209212962909072
C021_A20_SY15_P01_S10_01DBS,451,68,118.57438653159299
C021_A20_SY15_P01_S10_01DBS,452,16,3.364556454797988
C021_A20_SY15_P01_S10_01DBS,453,6,0.9058263856720236
C021_A20_SY15_P01_S10_01DBS,454,5,0.34569603061513915
C021_A20_SY15_P01_S10_01DBS,455,18,1.8323802124485051
C021_A20_SY15_P01_S10_02DAS,456,599,2108.6226399275256
C021_A20_SY15_P01_S10_02DAS,457,549,128.97036728532206
C021_A20_SY15_P01_S10_02DAS,458,1,0.0
C021_A20_SY15_P01_S10_02DAS,459,4,51.24523991139469
C021_A20_SY15_P01_S10_02DBS,460,599,2153.8099099740493
C021_A20_SY15_P01_S10_02DBS,461,599,92.76946057238877
C021_A20_SY15_P01_S10_02DBS,462,596,56.05094788095249
C021_A20_SY15_P01_S10_02DBS,463,373,146.7281230650226
C021_A20_SY15_P01_S10_02DBS,465,119,14.44275614340694
C021_A20_SY15_P01_S10_02DBS,466,2,0.10543033222462116
C021_A20_SY15_P01_S10_02DBS,467,5,0.6018804783279574
C021_A20_SY15_P01_S10_02DBS,468,16,2.0871053307369065
C021_A20_SY15_P01_S10_02DBS,469,60,7.411148394732439
C021_A20_SY15_P01_S10_02DBS,475,2,0.07950278359164371
C021_A20_SY15_P01_S10_02DBS,478,3,0.23041761574334196
C021_A20_SY15_P01_S10_02DBS,479,120,26.397393864555774
C021_A20_SY15_P01_S10_02DBS,481,19,2.3983062663374044
C021_A20_SY15_P01_S10_02DBS,482,1,0.0
C021_A20_SY15_P01_S10_02DBS,483,18,1.1858466750312255
C021_A20_SY15_P01_S10_02DBS,484,3,0.25968124891697314
C021_A20_SY15_P01_S11_01DAS,487,599,1461.5131279388645
C021_A20_SY15_P01_S11_01DAS,489,18,65.39249008746131
C021_A20_SY15_P01_S11_01DAS,490,401,739.6992132837415
C021_A20_SY15_P01_S11_01DBS,491,599,2906.1878983147603
C021_A20_SY15_P01_S11_01DBS,492,572,533.6091891299393
C021_A20_SY15_P01_S11_01DBS,497,21,17.73323757399385
C021_A20_SY15_P01_S11_01DBS,498,53,11.656226864482015
C021_A20_SY15_P01_S11_01DBS,500,62,25.903340402609572
C021_A20_SY15_P01_S11_01DBS,501,6,43.544226766311006
C021_A20_SY15_P01_S11_01DBS,503,3,2.6999345691315066
C021_A20_SY15_P01_S11_01DBS,505,14,4.578574701849465
C021_A20_SY15_P01_S11_01DBS,507,1,0.0
C021_A20_SY15_P01_S11_02DAS,508,594,1896.4429128324198
C021_A20_SY15_P01_S11_02DAS,511,439,765.659972368081
C021_A20_SY15_P01_S11_02DAS,515,9,53.5892078443266
C021_A20_SY15_P01_S11_02DAS,516,8,16.735564473476057
C021_A20_SY15_P01_S11_02DBS,517,599,2455.613314093044
C021_A20_SY15_P01_S11_02DBS,518,588,447.4764119973327
C021_A20_SY15_P01_S11_02DBS,520,23,8.630325150333277
C021_A20_SY15_P01_S11_02DBS,521,17,26.721522144978547
C021_A20_SY15_P01_S11_02DBS,522,40,13.25500322612927
C021_A20_SY15_P01_S11_02DBS,523,10,10.007834371540874
C021_A20_SY15_P01_S11_02DBS,526,3,10.22978971749244
C021_A20_SY15_P01_S11_02DBS,527,1,0.0
C021_A20_SY15_P01_S11_02DBS,530,2,0.24356852245450028
C021_A20_SY15_P01_S11_02DBS,532,6,5.236202751085477
C021_A20_SY15_P01_S12_01NAS,533,599,906.7629970269035
C021_A20_SY15_P01_S12_01NAS,534,260,2019.9323949532973
C021_A20_SY15_P01_S12_01NAS,535,77,871.382915902927
C021_A20_SY15_P01_S12_01NAS,536,17,42.798968770568216
C021_A20_SY15_P01_S12_01NAS,538,117,643.3743819576425
C021_A20_SY15_P01_S12_01NAS,539,1,0.0
C021_A20_SY15_P01_S12_01NAS,540,10,109.24437005495089
C021_A20_SY15_P01_S12_01NAS,546,22,66.2866188114667
C021_A20_SY15_P01_S12_01NBS,547,600,766.8767970923221
C021_A20_SY15_P01_S12_01NBS,548,3,2.1058875254146407
C021_A20_SY15_P01_S12_01NBS,551,48,29.580869759106495
C021_A20_SY15_P01_S12_01NBS,552,21,11.36302405389096
C021_A20_SY15_P01_S12_01NBS,553,42,12.468298406510133
C021_A20_SY15_P01_S12_01NBS,554,34,21.385257063556807
C021_A20_SY15_P01_S12_01NBS,556,26,5.647936087056044
C021_A20_SY15_P01_S12_01NBS,557,48,13.082499156031462
C021_A20_SY15_P01_S12_01NBS,558,241,81.86322962280893
C021_A20_SY15_P01_S12_01NBS,559,2,0.16990476378551775
C021_A20_SY15_P01_S12_01NBS,562,48,13.081574858754804
C021_A20_SY15_P01_S12_01NBS,563,5,0.8738373868460698
C021_A20_SY15_P01_S12_01NBS,564,28,7.764318752869515
C021_A20_SY15_P01_S12_02NAS,558,600,1049.8349996679092
C021_A20_SY15_P01_S12_02NAS,566,59,599.1042407839092
C021_A20_SY15_P01_S12_02NAS,568,49,816.8515964668142
C021_A20_SY15_P01_S12_02NAS,570,123,1177.3932103596705
C021_A20_SY15_P01_S12_02NAS,571,55,235.7609583636216
C021_A20_SY15_P01_S12_02NBS,573,599,797.2139643257833
C021_A20_SY15_P01_S12_02NBS,574,450,141.19727915883186
C021_A20_SY15_P01_S12_02NBS,577,57,27.507918413749636
C021_A20_SY15_P01_S12_02NBS,581,26,14.85713865537983
C021_A20_SY15_P01_S12_02NBS,582,80,35.005313704218864
C021_A20_SY15_P01_S12_02NBS,583,73,28.35580912459744
C021_A20_SY15_P01_S12_02NBS,584,8,0.9638422842858249
C021_A20_SY15_P01_S12_02NBS,585,14,3.4076908245710436
C021_A20_SY15_P01_S13_01NAS,573,600,1025.9912927960822
C021_A20_SY15_P01_S13_01NAS,586,33,108.32877380610061
C021_A20_SY15_P01_S13_01NBS,588,600,999.3260388949988
C021_A20_SY15_P01_S13_01NBS,589,15,36.200276277089266
C021_A20_SY15_P01_S13_01NBS,590,18,61.16714981133976
C021_A20_SY15_P01_S13_01NBS,592,90,110.74620514645741
C021_A20_SY15_P01_S13_01NBS,594,22,3.397360083714925
C021_A20_SY15_P01_S13_01NBS,596,11,23.223843705266738
C021_A20_SY15_P01_S13_02NBS,597,599,884.9663963212704
C021_A20_SY15_P01_S13_02NBS,600,23,80.15148597260227
C021_A20_SY15_P01_S13_02NBS,602,50,70.28289264531341
C021_A20_SY15_P01_S13_02NBS,603,18,89.90697337099188
