video,frame_count,hand_motion,body_motion,upper_body_angle,arm_extension
C021_A18_SY16_P07_S01_03DBS.mp4,600,0.3658619747146835,0.1765516671550371,71.88794586691799,0.1608595301762708
C021_A19_SY16_P01_S08_01DBS.mp4,600,0.9839570904093566,0.6668222932047736,10.538859863917803,0.11577793348652092
C021_A20_SY15_P07_S14_01DBS.mp4,601,0.5918141017972175,0.3052452467200829,28.61827442444677,0.10623294426436719
C021_A20_SY15_P07_S02_02DAS.mp4,601,1.4929767061858061,0.7329196531099652,7.996657425507319,0.12572420620344255
C021_A21_SY16_P07_S10_01DBS.mp4,600,1.2887868067256265,0.18483626514510595,0.35806307667129716,0.1432867582286447
C021_A20_SY15_P07_S14_02DAS.mp4,601,1.4862140932921355,0.5294265949691043,-36.7626360377228,0.17054116814203363
C021_A18_SY16_P07_S13_03NAS.mp4,601,0.47124890013450543,0.11289094757405699,3.706879084667845,0.08245867668371451
C021_A19_SY16_P01_S11_01DBS.mp4,600,1.6882715577197034,0.8860630765245904,24.516349892888126,0.19032919180540717
C021_A17_SY15_P01_S10_01DAS.mp4,600,1.93377250908387,0.5834973976177236,-62.91165609171007,0.14552519764083618
C021_A21_SY15_P07_S08_01DBS.mp4,600,1.62936918378662,0.7211334004231056,7.04609060346885,0.19833509223682133
C021_A21_SY15_P07_S11_01DAS.mp4,601,1.7702741769989678,0.6269836251529012,-14.377577607130275,0.10488229854267171
C021_A20_SY15_P07_S02_02DBS.mp4,600,1.0324647595160727,0.5158949142292281,37.54274774719682,0.10129951144513806
C021_A17_SY15_P07_S02_01DBS.mp4,600,0.8122418780511883,0.3153787661974806,24.577722138323065,0.11677364600277793
C021_A18_SY17_P07_S02_03DBS.mp4,600,0.7295756523562249,0.1365393553247452,-5.877456643670271,0.08825634348744599
C021_A20_SY16_P07_S03_01DBS.mp4,600,0.5619429618155659,0.36340037015032406,-4.614129256921559,0.20531086436766088
C021_A17_SY15_P01_S11_01DBS.mp4,600,1.0532720233458062,0.5870457620530534,13.01222440643789,0.1979809839670697
C021_A18_SY17_P01_S04_02DAS.mp4,600,0.6022294188293577,0.37950005379867513,33.47442635316216,0.08374246527829338
C021_A20_SY15_P01_S04_01DBS.mp4,600,1.6519692917719029,1.125824569166837,29.066748442314157,0.18346635404372755
C021_A20_SY15_P07_S01_02DAS.mp4,601,1.1410868161459284,0.7076573880674166,15.30217498048825,0.11302910033841301
C021_A18_SY15_P01_S07_01DAS.mp4,600,2.677989136446919,1.3754243557639638,-23.835953775525567,0.10289272321308936
C021_A21_SY15_P01_S09_01DAS.mp4,600,3.3207366750994605,0.7902443354582537,-18.75687231720966,0.17246717947505247
C021_A18_SY16_P01_S06_02DAS.mp4,600,2.929860524605888,0.27688312034174994,12.320622142570107,0.10621475096819757
C021_A18_SY17_P01_S01_02DAS.mp4,600,0.5554566761592815,0.3101338068055428,52.11767661931477,0.09430117665851519
C021_A20_SY15_P07_S03_02DBS.mp4,600,1.718679866599057,1.0209779817634541,-5.627352059605812,0.1521821456007021
C021_A18_SY16_P07_S03_03DBS.mp4,600,0.7220878213673326,0.28958580185823274,4.488963052548974,0.21269361253585972
C021_A18_SY16_P07_S10_02DBS.mp4,600,0.8837960353514313,0.1789806457142897,31.866760221951676,0.118642146649691
C021_A19_SY15_P07_S09_02DBS.mp4,600,2.105597862460923,0.9340781199220951,11.760034035083235,0.2622300570417727
C021_A20_SY16_P01_S10_02DAS.mp4,600,0.5625240650353852,0.3778833343337625,-14.517139529180442,0.15625654070753262
C021_A17_SY15_P07_S07_01DBS.mp4,600,0.8054687129503822,0.3711138673779252,-7.793606384837978,0.09953598788427334
C021_A18_SY16_P07_S13_03NBS.mp4,601,0.3157736269158965,0.16087783948802634,19.92621428886174,0.0938983911132602
C021_A20_SY15_P07_S07_01DBS.mp4,600,1.2306344757615941,0.8646527302879634,6.8945680919712835,0.1560120521419236
C021_A18_SY16_P07_S06_01DBS.mp4,600,0.4119849764854885,0.14921535284302587,12.769607585675475,0.1081349506495589
C021_A21_SY17_P01_S02_01DBS.mp4,600,0.5630237211420283,0.23405317084607696,-26.512810598139257,0.05069110443996256
C021_A18_SY16_P07_S07_03DBS.mp4,600,0.4863535938500897,0.2436109607171034,6.097537927095373,0.1483881031249721
C021_A18_SY16_P07_S10_02DAS.mp4,600,1.489712422565158,0.1610665356773156,14.290471394496162,0.09138084374098704
C021_A20_SY17_P07_S06_01DAS.mp4,600,0.9526281752879232,0.6550631362208216,66.89289968584669,0.1087237857167286
C021_A20_SY17_P07_S06_01DBS.mp4,600,1.1149955638074402,0.6708930822605154,59.29720892127087,0.11133285355011756
C021_A20_SY15_P07_S12_01NBS.mp4,601,1.926525014236399,0.6924101431988637,7.569952668332673,0.11677070479078996
C021_A18_SY16_P01_S09_02DAS.mp4,600,2.4806016087604497,0.21782701930900603,-18.862987967950634,0.16429772428382067
C021_A19_SY16_P01_S05_01DBS.mp4,600,1.9453721552395706,0.44985537657577473,73.16323576297819,0.1978627017836474
C021_A18_SY15_P07_S09_01DBS.mp4,600,1.2114638405202827,0.7646372183632084,-1.8264898868227073,0.22001699889939355
C021_A20_SY16_P07_S14_01DBS.mp4,601,0.6714760905376385,0.25311340227559076,20.861689271156674,0.15510860321231773
C021_A20_SY17_P07_S03_02DBS.mp4,600,0.8160974042035992,0.32478860781619406,-39.004177542349034,0.09260883151564007
C021_A20_SY15_P01_S09_02DBS.mp4,600,1.3216834511502116,1.004613436957549,20.655419417366396,0.13863454603870118
C021_A18_SY15_P07_S02_01DBS.mp4,600,1.020134158578522,0.38649864038030063,2.353285714034934,0.07810896176847838
C021_A19_SY16_P01_S04_01DAS.mp4,600,1.1422821876599323,0.6726219575464983,-5.987447886959432,0.1804282419228956
C021_A20_SY15_P01_S02_01DAS.mp4,600,1.230690084178455,0.7848779132157389,-3.0355528516680166,0.13089837186206638
C021_A18_SY15_P07_S08_03DBS.mp4,600,1.2758804340853056,0.7664824402375132,5.295176864320443,0.2101116617493126
C021_A20_SY15_P01_S13_02NBS.mp4,600,1.168073401397567,0.3608634322577399,60.88240671925006,0.13205869525744554
C021_A20_SY15_P01_S12_02NBS.mp4,600,1.2521823995323236,0.4169147297123071,16.21296235070202,0.15961588320085324
C021_A20_SY15_P07_S03_02DAS.mp4,600,1.5966080940348886,0.9393455929520376,-12.382596165950332,0.15113771830052464
C021_A18_SY15_P07_S10_03DAS.mp4,600,0.863737094364558,0.42930941869551664,-8.614808699501424,0.13350915009026193
C021_A20_SY16_P07_S01_01DBS.mp4,600,0.09830042686830572,0.094764088665774,26.862087653813607,0.16490431794164256
C021_A18_SY16_P01_S03_02NBS.mp4,600,0.9608534869141775,0.3587404943740301,17.700658434908622,0.1597492430472621
C021_A21_SY15_P01_S08_01DAS.mp4,600,2.5867352556428673,1.2755960619173563,0.09312820521752545,0.15255819660712644
C021_A19_SY15_P01_S11_01DAS.mp4,600,1.6575974577093757,0.7565377398745066,0.9637921786205416,0.11682282543454343
C021_A21_SY16_P07_S07_02DBS.mp4,600,0.3059756618548192,0.057554329858917966,2.3578070620790457,0.08459608540209332
C021_A19_SY16_P01_S07_01DBS.mp4,600,1.2884633607987428,0.6061266257992303,1.1823423556395782,0.1497733866596415
C021_A21_SY17_P07_S03_01DBS.mp4,600,1.0616654443673703,0.4513393798499682,-32.850487658758006,0.1035364148678193
C021_A18_SY17_P07_S02_02DBS.mp4,600,0.9013711704689538,0.31908451555463,-1.6834621336926978,0.12644650016329578
C021_A21_SY15_P01_S08_01DBS.mp4,600,1.7076024038253952,0.7344757465731674,3.1246645380725386,0.09084563667745507
C021_A18_SY15_P07_S03_03DBS.mp4,600,1.7417547360883163,0.877504741989742,8.016495133141552,0.20948609174367042
C021_A18_SY15_P07_S09_01DAS.mp4,600,0.8763559923329782,0.5120351279450652,-13.33807425845697,0.11232623859612177
C021_A19_SY16_P01_S10_01DBS.mp4,600,2.1794407022827276,0.7129817412284825,1.295293367687875,0.17863361582324605
C021_A20_SY17_P07_S03_02DAS.mp4,600,0.639059240006348,0.3428071539913884,-69.01893997880065,0.1035278591311078
C021_A18_SY15_P07_S13_01NAS.mp4,601,1.6949409988974469,0.6467590596857106,6.791974909561023,0.1436390039643782
C021_A21_SY32_P01_S06_01DAS.mp4,600,1.456691878660243,0.6042989453321532,-110.19190951777581,0.192401622743386
C021_A18_SY15_P01_S03_02NBS.mp4,600,1.6680314825702496,0.778340274151701,36.92726542087156,0.17560131394196904
C021_A20_SY15_P01_S01_02DAS.mp4,600,1.656431480825877,0.877511297390981,16.506230961024617,0.11177814499811492
C021_A21_SY15_P07_S03_01DBS.mp4,600,1.885831381158288,0.8331772574736648,7.316265648365179,0.1781667604571306
C021_A18_SY15_P01_S04_02DBS.mp4,600,1.5785748564679445,0.9923844650031475,20.246235010152134,0.14434144831919438
C021_A18_SY15_P07_S01_02DBS.mp4,601,0.7849124814938784,0.4089917700728251,29.427785739829286,0.12405592329900868
C021_A18_SY15_P01_S11_02DBS.mp4,600,1.1377471285160585,0.6321710399221546,30.065930493974534,0.17504712528880756
C021_A18_SY16_P01_S09_01DBS.mp4,600,1.2485974421961354,0.1960136570028151,-3.0923133655563286,0.15161544186469764
C021_A19_SY16_P07_S07_01DAS.mp4,600,1.6537067467984106,0.5964864919620585,10.744642080125658,0.11307862481711213
C021_A21_SY15_P07_S10_01DBS.mp4,600,1.5284215456896872,0.5006291045619544,-5.013017120109707,0.10665543123908999
C021_A20_SY17_P07_S07_02DAS.mp4,600,1.4535909151020177,0.45790589051099256,-9.640102323479494,0.05767589231156395
C021_A19_SY15_P07_S02_02DBS.mp4,600,1.650403698985711,0.8385680052772851,24.33557709469314,0.15594965533376987
C021_A19_SY15_P07_S02_02DAS.mp4,601,1.630396068430809,0.9464199740030081,7.002038972607946,0.17497360184461808
C021_A19_SY16_P07_S12_01NBS.mp4,601,1.142515666423843,0.5748559664311055,2.218552187347916,0.1948560069812908
C021_A20_SY16_P07_S14_01DAS.mp4,601,0.8432806774452065,0.2822245473783778,-17.808702823993933,0.19342748296750148
C021_A18_SY17_P01_S02_02DBS.mp4,600,0.742581273827542,0.25602136588068225,0.5788418396350217,0.09134810926085103
C021_A18_SY15_P01_S04_02DAS.mp4,600,1.7368765149002834,1.017204606748628,-20.49286863982335,0.15176842962667614
C021_A18_SY15_P01_S02_02DAS.mp4,600,1.3843756172223833,0.6063317175335683,23.071461858904453,0.11087697688998864
C021_A19_SY16_P07_S02_01DAS.mp4,601,0.9261512872704264,0.4845691755313184,0.4098161112207093,0.15594256665519454
C021_A17_SY15_P01_S03_01NAS.mp4,600,1.0357834911110402,0.4017345952780807,-3.741790770075483,0.11774255311233287
C021_A19_SY16_P07_S06_01DBS.mp4,600,3.1580052798353195,0.8388809343515791,4.356674069891764,0.14458659835705037
C021_A17_SY15_P01_S13_01NBS.mp4,600,0.6888461082285956,0.33077657680222516,110.54695690664413,0.16870989140850154
C021_A21_SY15_P07_S12_01NAS.mp4,601,2.7955232850725538,0.7797429123175973,-11.750866926165543,0.14708512250979106
C021_A19_SY15_P01_S07_01DAS.mp4,600,2.3481823203783785,1.4434817036522938,22.515619701330348,0.17321383243701224
C021_A20_SY17_P07_S03_01DAS.mp4,600,0.7511563020635572,0.7402227172726037,-56.05777817239409,0.16928149317692387
C021_A18_SY15_P07_S06_02DBS.mp4,600,1.1905080834588158,0.7722293545253975,24.70868655896439,0.13341657345521735
C021_A19_SY15_P07_S01_02DAS.mp4,601,1.1272791883748836,0.893130619082221,9.583754966169161,0.15538435313033075
C021_A18_SY15_P01_S04_01DAS.mp4,600,1.9208125694406313,1.171023458595395,-15.76698859594873,0.1619048880414625
C021_A20_SY15_P01_S07_01DBS.mp4,600,1.5682542933679517,1.0929510303931214,23.65308012470995,0.15612684700830542
C021_A17_SY15_P07_S01_01DAS.mp4,601,0.9861356661463725,0.412273258628563,11.852536584281989,0.11409736188364906
C021_A18_SY16_P07_S14_02DBS.mp4,601,0.6328745645301587,0.14281913923540057,47.46448683476672,0.17484185969180432
C021_A18_SY17_P07_S03_01DBS.mp4,600,1.035496478063553,0.5154696235208798,-28.90892492782236,0.12584836371812447
C021_A20_SY16_P07_S07_01DBS.mp4,600,0.17627974275953787,0.12260009860614454,12.514927432119043,0.1601002699957103
C021_A21_SY16_P07_S02_01DAS.mp4,601,0.48086295107874666,0.10164008332390735,-2.33555420200018,0.10651462209579683
