video,track_id,events,risk_score,risk_level
C021_A20_SY15_P01_S01_01DAS,1,"일반 이동, 장시간 체류",25,LOW
C021_A20_SY15_P01_S01_01DAS,2,,0,LOW
C021_A20_SY15_P01_S01_01DAS,4,문 앞 배회,30,MEDIUM
C021_A20_SY15_P01_S01_01DBS,1,"일반 이동, 장시간 체류",25,LOW
C021_A20_SY15_P01_S01_02DAS,1,"일반 이동, 장시간 체류",25,LOW
C021_A20_SY15_P01_S01_02DAS,6,,0,LOW
C021_A20_SY15_P01_S01_02DAS,7,,0,LOW
C021_A20_SY15_P01_S01_02DAS,8,,0,LOW
C021_A20_SY15_P01_S01_02DAS,10,,0,LOW
C021_A20_SY15_P01_S01_02DBS,11,"일반 이동, 장시간 체류",25,LOW
C021_A20_SY15_P01_S01_02DBS,15,,0,LOW
C021_A20_SY15_P01_S01_02DBS,19,,0,LOW
C021_A20_SY15_P01_S02_01DAS,11,"일반 이동, 장시간 체류",25,LOW
C021_A20_SY15_P01_S02_01DAS,20,"장시간 체류, 문 앞 배회",50,MEDIUM
C021_A20_SY15_P01_S02_01DAS,23,,0,LOW
C021_A20_SY15_P01_S02_01DAS,24,,0,LOW
C021_A20_SY15_P01_S02_01DAS,25,,0,LOW
C021_A20_SY15_P01_S02_01DAS,26,,0,LOW
C021_A20_SY15_P01_S02_01DAS,33,,0,LOW
C021_A20_SY15_P01_S02_01DAS,35,,0,LOW
C021_A20_SY15_P01_S02_01DAS,36,,0,LOW
C021_A20_SY15_P01_S02_01DAS,37,,0,LOW
C021_A20_SY15_P01_S02_01DBS,38,"일반 이동, 장시간 체류",25,LOW
C021_A20_SY15_P01_S02_01DBS,40,,0,LOW
C021_A20_SY15_P01_S02_01DBS,44,,0,LOW
C021_A20_SY15_P01_S02_01DBS,45,,0,LOW
C021_A20_SY15_P01_S02_01DBS,48,,0,LOW
C021_A20_SY15_P01_S02_01DBS,50,,0,LOW
C021_A20_SY15_P01_S02_02DAS,38,"일반 이동, 장시간 체류",25,LOW
C021_A20_SY15_P01_S02_02DAS,54,,0,LOW
C021_A20_SY15_P01_S02_02DAS,56,"장시간 체류, 문 앞 배회",50,MEDIUM
C021_A20_SY15_P01_S02_02DAS,57,,0,LOW
C021_A20_SY15_P01_S02_02DAS,61,,0,LOW
C021_A20_SY15_P01_S02_02DAS,62,,0,LOW
C021_A20_SY15_P01_S02_02DAS,67,,0,LOW
C021_A20_SY15_P01_S02_02DAS,68,,0,LOW
C021_A20_SY15_P01_S02_02DBS,69,"일반 이동, 장시간 체류",25,LOW
C021_A20_SY15_P01_S02_02DBS,72,,0,LOW
C021_A20_SY15_P01_S02_02DBS,73,,0,LOW
C021_A20_SY15_P01_S02_02DBS,74,,0,LOW
C021_A20_SY15_P01_S02_02DBS,75,,0,LOW
C021_A20_SY15_P01_S02_02DBS,76,,0,LOW
C021_A20_SY15_P01_S03_01NAS,79,"일반 이동, 장시간 체류",25,LOW
C021_A20_SY15_P01_S03_01NAS,80,,0,LOW
C021_A20_SY15_P01_S03_01NAS,84,,0,LOW
C021_A20_SY15_P01_S03_01NAS,85,,0,LOW
C021_A20_SY15_P01_S03_01NAS,87,,0,LOW
C021_A20_SY15_P01_S03_01NAS,91,,0,LOW
C021_A20_SY15_P01_S03_01NAS,92,,0,LOW
C021_A20_SY15_P01_S03_01NAS,94,,0,LOW
C021_A20_SY15_P01_S03_01NAS,95,,0,LOW
C021_A20_SY15_P01_S03_01NAS,96,,0,LOW
C021_A20_SY15_P01_S03_01NBS,98,"일반 이동, 장시간 체류",25,LOW
C021_A20_SY15_P01_S03_01NBS,99,,0,LOW
C021_A20_SY15_P01_S03_01NBS,103,일반 이동,5,LOW
C021_A20_SY15_P01_S03_02NAS,98,"일반 이동, 장시간 체류",25,LOW
C021_A20_SY15_P01_S03_02NAS,106,,0,LOW
C021_A20_SY15_P01_S03_02NAS,108,,0,LOW
C021_A20_SY15_P01_S03_02NAS,109,,0,LOW
C021_A20_SY15_P01_S03_02NAS,111,,0,LOW
C021_A20_SY15_P01_S03_02NAS,113,,0,LOW
C021_A20_SY15_P01_S03_02NAS,114,,0,LOW
C021_A20_SY15_P01_S03_02NAS,115,,0,LOW
C021_A20_SY15_P01_S03_02NAS,119,,0,LOW
C021_A20_SY15_P01_S03_02NAS,122,,0,LOW
C021_A20_SY15_P01_S03_02NAS,123,,0,LOW
C021_A20_SY15_P01_S03_02NAS,124,,0,LOW
C021_A20_SY15_P01_S03_02NAS,127,,0,LOW
C021_A20_SY15_P01_S03_02NAS,133,,0,LOW
C021_A20_SY15_P01_S03_02NAS,134,,0,LOW
C021_A20_SY15_P01_S03_02NAS,135,,0,LOW
C021_A20_SY15_P01_S03_02NAS,136,,0,LOW
C021_A20_SY15_P01_S03_02NBS,137,"일반 이동, 장시간 체류",25,LOW
C021_A20_SY15_P01_S03_02NBS,138,,0,LOW
C021_A20_SY15_P01_S03_02NBS,140,,0,LOW
C021_A20_SY15_P01_S03_02NBS,141,,0,LOW
C021_A20_SY15_P01_S03_02NBS,144,,0,LOW
C021_A20_SY15_P01_S04_01DAS,148,"일반 이동, 장시간 체류",25,LOW
C021_A20_SY15_P01_S04_01DAS,149,,0,LOW
C021_A20_SY15_P01_S04_01DAS,150,,0,LOW
C021_A20_SY15_P01_S04_01DAS,151,,0,LOW
C021_A20_SY15_P01_S04_01DBS,155,"일반 이동, 장시간 체류",25,LOW
C021_A20_SY15_P01_S04_01DBS,162,,0,LOW
C021_A20_SY15_P01_S04_01DBS,164,,0,LOW
C021_A20_SY15_P01_S04_01DBS,165,,0,LOW
C021_A20_SY15_P01_S04_01DBS,167,,0,LOW
C021_A20_SY15_P01_S04_01DBS,170,,0,LOW
C021_A20_SY15_P01_S04_01DBS,173,,0,LOW
C021_A20_SY15_P01_S04_01DBS,174,,0,LOW
C021_A20_SY15_P01_S04_01DBS,178,,0,LOW
C021_A20_SY15_P01_S04_01DBS,181,,0,LOW
C021_A20_SY15_P01_S04_02DAS,186,"일반 이동, 장시간 체류",25,LOW
C021_A20_SY15_P01_S04_02DAS,188,,0,LOW
C021_A20_SY15_P01_S04_02DAS,190,,0,LOW
C021_A20_SY15_P01_S04_02DAS,192,,0,LOW
C021_A20_SY15_P01_S04_02DAS,195,,0,LOW
C021_A20_SY15_P01_S04_02DAS,197,,0,LOW
C021_A20_SY15_P01_S04_02DBS,186,"일반 이동, 장시간 체류",25,LOW
C021_A20_SY15_P01_S04_02DBS,199,,0,LOW
C021_A20_SY15_P01_S04_02DBS,201,,0,LOW
C021_A20_SY15_P01_S04_02DBS,205,,0,LOW
C021_A20_SY15_P01_S04_02DBS,211,,0,LOW
C021_A20_SY15_P01_S04_02DBS,214,,0,LOW
C021_A20_SY15_P01_S04_02DBS,216,,0,LOW
C021_A20_SY15_P01_S04_02DBS,218,,0,LOW
C021_A20_SY15_P01_S04_02DBS,219,,0,LOW
C021_A20_SY15_P01_S04_02DBS,221,,0,LOW
C021_A20_SY15_P01_S04_02DBS,223,,0,LOW
C021_A20_SY15_P01_S04_02DBS,224,,0,LOW
C021_A20_SY15_P01_S04_02DBS,225,,0,LOW
C021_A20_SY15_P01_S04_02DBS,226,,0,LOW
C021_A20_SY15_P01_S04_02DBS,227,,0,LOW
C021_A20_SY15_P01_S04_02DBS,228,,0,LOW
C021_A20_SY15_P01_S04_02DBS,229,,0,LOW
C021_A20_SY15_P01_S04_02DBS,230,,0,LOW
C021_A20_SY15_P01_S04_02DBS,231,,0,LOW
C021_A20_SY15_P01_S05_01DAS,186,"일반 이동, 장시간 체류",25,LOW
C021_A20_SY15_P01_S05_01DAS,232,장시간 체류,20,LOW
C021_A20_SY15_P01_S05_01DBS,234,"일반 이동, 장시간 체류",25,LOW
C021_A20_SY15_P01_S05_01DBS,236,,0,LOW
C021_A20_SY15_P01_S05_01DBS,237,,0,LOW
C021_A20_SY15_P01_S05_01DBS,238,,0,LOW
C021_A20_SY15_P01_S05_01DBS,239,,0,LOW
C021_A20_SY15_P01_S05_01DBS,241,,0,LOW
C021_A20_SY15_P01_S05_01DBS,242,,0,LOW
C021_A20_SY15_P01_S05_01DBS,244,,0,LOW
C021_A20_SY15_P01_S05_01DBS,245,,0,LOW
C021_A20_SY15_P01_S05_02DAS,246,"일반 이동, 장시간 체류",25,LOW
C021_A20_SY15_P01_S05_02DAS,247,장시간 체류,20,LOW
C021_A20_SY15_P01_S05_02DAS,249,,0,LOW
C021_A20_SY15_P01_S05_02DAS,250,,0,LOW
C021_A20_SY15_P01_S05_02DAS,251,,0,LOW
C021_A20_SY15_P01_S05_02DAS,253,,0,LOW
C021_A20_SY15_P01_S05_02DBS,255,"일반 이동, 장시간 체류",25,LOW
C021_A20_SY15_P01_S05_02DBS,256,,0,LOW
C021_A20_SY15_P01_S05_02DBS,257,,0,LOW
C021_A20_SY15_P01_S05_02DBS,258,,0,LOW
C021_A20_SY15_P01_S05_02DBS,261,,0,LOW
C021_A20_SY15_P01_S05_02DBS,263,,0,LOW
C021_A20_SY15_P01_S05_02DBS,264,,0,LOW
C021_A20_SY15_P01_S05_02DBS,267,,0,LOW
C021_A20_SY15_P01_S05_02DBS,268,,0,LOW
C021_A20_SY15_P01_S05_02DBS,269,,0,LOW
C021_A20_SY15_P01_S06_01DAS,255,"일반 이동, 장시간 체류",25,LOW
C021_A20_SY15_P01_S06_01DAS,271,,0,LOW
C021_A20_SY15_P01_S06_01DBS,255,"일반 이동, 장시간 체류",25,LOW
C021_A20_SY15_P01_S06_02DAS,273,"일반 이동, 장시간 체류",25,LOW
C021_A20_SY15_P01_S06_02DBS,273,"일반 이동, 장시간 체류",25,LOW
C021_A20_SY15_P01_S07_01DAS,282,"일반 이동, 장시간 체류",25,LOW
C021_A20_SY15_P01_S07_01DAS,283,,0,LOW
C021_A20_SY15_P01_S07_01DAS,284,,0,LOW
C021_A20_SY15_P01_S07_01DAS,285,,0,LOW
C021_A20_SY15_P01_S07_01DAS,286,,0,LOW
C021_A20_SY15_P01_S07_01DAS,289,,0,LOW
C021_A20_SY15_P01_S07_01DBS,291,"일반 이동, 장시간 체류",25,LOW
C021_A20_SY15_P01_S07_01DBS,292,,0,LOW
C021_A20_SY15_P01_S07_01DBS,293,,0,LOW
C021_A20_SY15_P01_S07_01DBS,294,,0,LOW
C021_A20_SY15_P01_S07_01DBS,295,,0,LOW
C021_A20_SY15_P01_S07_01DBS,296,,0,LOW
C021_A20_SY15_P01_S07_01DBS,297,,0,LOW
C021_A20_SY15_P01_S07_01DBS,301,,0,LOW
C021_A20_SY15_P01_S07_01DBS,304,,0,LOW
C021_A20_SY15_P01_S07_01DBS,306,,0,LOW
C021_A20_SY15_P01_S07_01DBS,307,,0,LOW
C021_A20_SY15_P01_S07_02DAS,291,"일반 이동, 장시간 체류",25,LOW
C021_A20_SY15_P01_S07_02DAS,308,,0,LOW
C021_A20_SY15_P01_S07_02DAS,309,,0,LOW
C021_A20_SY15_P01_S07_02DBS,313,"일반 이동, 장시간 체류",25,LOW
C021_A20_SY15_P01_S07_02DBS,316,,0,LOW
C021_A20_SY15_P01_S07_02DBS,317,,0,LOW
C021_A20_SY15_P01_S07_02DBS,319,,0,LOW
C021_A20_SY15_P01_S07_02DBS,320,,0,LOW
C021_A20_SY15_P01_S07_02DBS,321,,0,LOW
C021_A20_SY15_P01_S07_02DBS,324,,0,LOW
C021_A20_SY15_P01_S07_02DBS,326,,0,LOW
C021_A20_SY15_P01_S07_02DBS,328,,0,LOW
C021_A20_SY15_P01_S08_01DAS,330,"일반 이동, 장시간 체류",25,LOW
C021_A20_SY15_P01_S08_01DAS,331,,0,LOW
C021_A20_SY15_P01_S08_01DAS,332,,0,LOW
C021_A20_SY15_P01_S08_01DAS,333,,0,LOW
C021_A20_SY15_P01_S08_01DAS,334,,0,LOW
C021_A20_SY15_P01_S08_01DAS,337,,0,LOW
C021_A20_SY15_P01_S08_01DBS,330,"일반 이동, 장시간 체류",25,LOW
C021_A20_SY15_P01_S08_01DBS,340,,0,LOW
C021_A20_SY15_P01_S08_01DBS,343,,0,LOW
C021_A20_SY15_P01_S08_01DBS,347,"장시간 체류, 문 앞 배회",50,MEDIUM
C021_A20_SY15_P01_S08_02DAS,330,"일반 이동, 장시간 체류",25,LOW
C021_A20_SY15_P01_S08_02DAS,348,,0,LOW
C021_A20_SY15_P01_S08_02DAS,349,,0,LOW
C021_A20_SY15_P01_S08_02DBS,353,"일반 이동, 장시간 체류",25,LOW
C021_A20_SY15_P01_S08_02DBS,355,,0,LOW
C021_A20_SY15_P01_S08_02DBS,356,,0,LOW
C021_A20_SY15_P01_S08_02DBS,358,,0,LOW
C021_A20_SY15_P01_S08_02DBS,359,,0,LOW
C021_A20_SY15_P01_S08_02DBS,362,,0,LOW
C021_A20_SY15_P01_S09_01DAS,363,"일반 이동, 장시간 체류",25,LOW
C021_A20_SY15_P01_S09_01DAS,364,장시간 체류,20,LOW
C021_A20_SY15_P01_S09_01DAS,366,,0,LOW
C021_A20_SY15_P01_S09_01DAS,368,,0,LOW
C021_A20_SY15_P01_S09_01DAS,369,,0,LOW
C021_A20_SY15_P01_S09_01DAS,370,,0,LOW
C021_A20_SY15_P01_S09_01DAS,379,,0,LOW
C021_A20_SY15_P01_S09_01DAS,381,,0,LOW
C021_A20_SY15_P01_S09_01DAS,384,,0,LOW
C021_A20_SY15_P01_S09_01DAS,385,,0,LOW
C021_A20_SY15_P01_S09_01DAS,386,일반 이동,5,LOW
C021_A20_SY15_P01_S09_01DAS,387,,0,LOW
C021_A20_SY15_P01_S09_01DAS,390,,0,LOW
C021_A20_SY15_P01_S09_01DAS,391,,0,LOW
C021_A20_SY15_P01_S09_01DAS,392,,0,LOW
C021_A20_SY15_P01_S09_01DAS,396,일반 이동,5,LOW
C021_A20_SY15_P01_S09_01DAS,397,,0,LOW
C021_A20_SY15_P01_S09_01DAS,402,,0,LOW
C021_A20_SY15_P01_S09_01DAS,403,,0,LOW
C021_A20_SY15_P01_S09_01DAS,404,,0,LOW
C021_A20_SY15_P01_S09_01DAS,405,,0,LOW
C021_A20_SY15_P01_S09_01DAS,406,,0,LOW
C021_A20_SY15_P01_S09_01DAS,408,,0,LOW
C021_A20_SY15_P01_S09_01DAS,409,,0,LOW
C021_A20_SY15_P01_S09_01DBS,363,"일반 이동, 장시간 체류",25,LOW
C021_A20_SY15_P01_S09_01DBS,410,,0,LOW
C021_A20_SY15_P01_S09_01DBS,411,,0,LOW
C021_A20_SY15_P01_S09_02DBS,363,"일반 이동, 장시간 체류",25,LOW
C021_A20_SY15_P01_S09_02DBS,413,,0,LOW
C021_A20_SY15_P01_S09_02DBS,415,,0,LOW
C021_A20_SY15_P01_S09_02DBS,417,,0,LOW
C021_A20_SY15_P01_S09_02DBS,419,,0,LOW
C021_A20_SY15_P01_S10_01DAS,423,"일반 이동, 장시간 체류",25,LOW
C021_A20_SY15_P01_S10_01DAS,424,,0,LOW
C021_A20_SY15_P01_S10_01DAS,425,,0,LOW
C021_A20_SY15_P01_S10_01DAS,426,"장시간 체류, 문 앞 배회",50,MEDIUM
C021_A20_SY15_P01_S10_01DAS,427,,0,LOW
C021_A20_SY15_P01_S10_01DAS,429,,0,LOW
C021_A20_SY15_P01_S10_01DBS,423,"일반 이동, 장시간 체류",25,LOW
C021_A20_SY15_P01_S10_01DBS,430,"장시간 체류, 문 앞 배회",50,MEDIUM
C021_A20_SY15_P01_S10_01DBS,431,"장시간 체류, 문 앞 배회",50,MEDIUM
C021_A20_SY15_P01_S10_01DBS,432,,0,LOW
C021_A20_SY15_P01_S10_01DBS,433,,0,LOW
C021_A20_SY15_P01_S10_01DBS,434,,0,LOW
C021_A20_SY15_P01_S10_01DBS,437,,0,LOW
C021_A20_SY15_P01_S10_01DBS,438,,0,LOW
C021_A20_SY15_P01_S10_01DBS,439,,0,LOW
C021_A20_SY15_P01_S10_01DBS,441,,0,LOW
C021_A20_SY15_P01_S10_01DBS,442,,0,LOW
C021_A20_SY15_P01_S10_01DBS,443,,0,LOW
C021_A20_SY15_P01_S10_01DBS,444,,0,LOW
C021_A20_SY15_P01_S10_01DBS,445,,0,LOW
C021_A20_SY15_P01_S10_01DBS,447,,0,LOW
C021_A20_SY15_P01_S10_01DBS,448,,0,LOW
C021_A20_SY15_P01_S10_01DBS,449,,0,LOW
C021_A20_SY15_P01_S10_01DBS,450,,0,LOW
C021_A20_SY15_P01_S10_01DBS,451,,0,LOW
C021_A20_SY15_P01_S10_01DBS,452,,0,LOW
C021_A20_SY15_P01_S10_01DBS,453,,0,LOW
C021_A20_SY15_P01_S10_01DBS,454,,0,LOW
C021_A20_SY15_P01_S10_01DBS,455,,0,LOW
C021_A20_SY15_P01_S10_02DAS,456,"일반 이동, 장시간 체류",25,LOW
C021_A20_SY15_P01_S10_02DAS,457,"장시간 체류, 문 앞 배회",50,MEDIUM
C021_A20_SY15_P01_S10_02DAS,458,,0,LOW
C021_A20_SY15_P01_S10_02DAS,459,,0,LOW
C021_A20_SY15_P01_S10_02DBS,460,"일반 이동, 장시간 체류",25,LOW
C021_A20_SY15_P01_S10_02DBS,461,"장시간 체류, 문 앞 배회",50,MEDIUM
C021_A20_SY15_P01_S10_02DBS,462,"장시간 체류, 문 앞 배회",50,MEDIUM
C021_A20_SY15_P01_S10_02DBS,463,문 앞 배회,30,MEDIUM
C021_A20_SY15_P01_S10_02DBS,465,,0,LOW
C021_A20_SY15_P01_S10_02DBS,466,,0,LOW
C021_A20_SY15_P01_S10_02DBS,467,,0,LOW
C021_A20_SY15_P01_S10_02DBS,468,,0,LOW
C021_A20_SY15_P01_S10_02DBS,469,,0,LOW
C021_A20_SY15_P01_S10_02DBS,475,,0,LOW
C021_A20_SY15_P01_S10_02DBS,478,,0,LOW
C021_A20_SY15_P01_S10_02DBS,479,,0,LOW
C021_A20_SY15_P01_S10_02DBS,481,,0,LOW
C021_A20_SY15_P01_S10_02DBS,482,,0,LOW
C021_A20_SY15_P01_S10_02DBS,483,,0,LOW
C021_A20_SY15_P01_S10_02DBS,484,,0,LOW
C021_A20_SY15_P01_S11_01DAS,487,"일반 이동, 장시간 체류",25,LOW
C021_A20_SY15_P01_S11_01DAS,489,,0,LOW
C021_A20_SY15_P01_S11_01DAS,490,"일반 이동, 장시간 체류",25,LOW
C021_A20_SY15_P01_S11_01DBS,491,"일반 이동, 장시간 체류",25,LOW
C021_A20_SY15_P01_S11_01DBS,492,"일반 이동, 장시간 체류",25,LOW
C021_A20_SY15_P01_S11_01DBS,497,,0,LOW
C021_A20_SY15_P01_S11_01DBS,498,,0,LOW
C021_A20_SY15_P01_S11_01DBS,500,,0,LOW
C021_A20_SY15_P01_S11_01DBS,501,,0,LOW
C021_A20_SY15_P01_S11_01DBS,503,,0,LOW
C021_A20_SY15_P01_S11_01DBS,505,,0,LOW
C021_A20_SY15_P01_S11_01DBS,507,,0,LOW
C021_A20_SY15_P01_S11_02DAS,508,"일반 이동, 장시간 체류",25,LOW
C021_A20_SY15_P01_S11_02DAS,511,"일반 이동, 장시간 체류",25,LOW
C021_A20_SY15_P01_S11_02DAS,515,,0,LOW
C021_A20_SY15_P01_S11_02DAS,516,,0,LOW
C021_A20_SY15_P01_S11_02DBS,517,"일반 이동, 장시간 체류",25,LOW
C021_A20_SY15_P01_S11_02DBS,518,"일반 이동, 장시간 체류",25,LOW
C021_A20_SY15_P01_S11_02DBS,520,,0,LOW
C021_A20_SY15_P01_S11_02DBS,521,,0,LOW
C021_A20_SY15_P01_S11_02DBS,522,,0,LOW
C021_A20_SY15_P01_S11_02DBS,523,,0,LOW
C021_A20_SY15_P01_S11_02DBS,526,,0,LOW
C021_A20_SY15_P01_S11_02DBS,527,,0,LOW
C021_A20_SY15_P01_S11_02DBS,530,,0,LOW
C021_A20_SY15_P01_S11_02DBS,532,,0,LOW
C021_A20_SY15_P01_S12_01NAS,533,"일반 이동, 장시간 체류",25,LOW
C021_A20_SY15_P01_S12_01NAS,534,일반 이동,5,LOW
C021_A20_SY15_P01_S12_01NAS,535,일반 이동,5,LOW
C021_A20_SY15_P01_S12_01NAS,536,,0,LOW
C021_A20_SY15_P01_S12_01NAS,538,일반 이동,5,LOW
C021_A20_SY15_P01_S12_01NAS,539,,0,LOW
C021_A20_SY15_P01_S12_01NAS,540,,0,LOW
C021_A20_SY15_P01_S12_01NAS,546,,0,LOW
C021_A20_SY15_P01_S12_01NBS,547,"일반 이동, 장시간 체류",25,LOW
C021_A20_SY15_P01_S12_01NBS,548,,0,LOW
C021_A20_SY15_P01_S12_01NBS,551,,0,LOW
C021_A20_SY15_P01_S12_01NBS,552,,0,LOW
C021_A20_SY15_P01_S12_01NBS,553,,0,LOW
C021_A20_SY15_P01_S12_01NBS,554,,0,LOW
C021_A20_SY15_P01_S12_01NBS,556,,0,LOW
C021_A20_SY15_P01_S12_01NBS,557,,0,LOW
C021_A20_SY15_P01_S12_01NBS,558,,0,LOW
C021_A20_SY15_P01_S12_01NBS,559,,0,LOW
C021_A20_SY15_P01_S12_01NBS,562,,0,LOW
C021_A20_SY15_P01_S12_01NBS,563,,0,LOW
C021_A20_SY15_P01_S12_01NBS,564,,0,LOW
C021_A20_SY15_P01_S12_02NAS,558,"일반 이동, 장시간 체류",25,LOW
C021_A20_SY15_P01_S12_02NAS,566,일반 이동,5,LOW
C021_A20_SY15_P01_S12_02NAS,568,일반 이동,5,LOW
C021_A20_SY15_P01_S12_02NAS,570,일반 이동,5,LOW
C021_A20_SY15_P01_S12_02NAS,571,,0,LOW
C021_A20_SY15_P01_S12_02NBS,573,"일반 이동, 장시간 체류",25,LOW
C021_A20_SY15_P01_S12_02NBS,574,"장시간 체류, 문 앞 배회",50,MEDIUM
C021_A20_SY15_P01_S12_02NBS,577,,0,LOW
C021_A20_SY15_P01_S12_02NBS,581,,0,LOW
C021_A20_SY15_P01_S12_02NBS,582,,0,LOW
C021_A20_SY15_P01_S12_02NBS,583,,0,LOW
C021_A20_SY15_P01_S12_02NBS,584,,0,LOW
C021_A20_SY15_P01_S12_02NBS,585,,0,LOW
C021_A20_SY15_P01_S13_01NAS,573,"일반 이동, 장시간 체류",25,LOW
C021_A20_SY15_P01_S13_01NAS,586,,0,LOW
C021_A20_SY15_P01_S13_01NBS,588,"일반 이동, 장시간 체류",25,LOW
C021_A20_SY15_P01_S13_01NBS,589,,0,LOW
C021_A20_SY15_P01_S13_01NBS,590,,0,LOW
C021_A20_SY15_P01_S13_01NBS,592,,0,LOW
C021_A20_SY15_P01_S13_01NBS,594,,0,LOW
C021_A20_SY15_P01_S13_01NBS,596,,0,LOW
C021_A20_SY15_P01_S13_02NBS,597,"일반 이동, 장시간 체류",25,LOW
C021_A20_SY15_P01_S13_02NBS,600,,0,LOW
C021_A20_SY15_P01_S13_02NBS,602,,0,LOW
C021_A20_SY15_P01_S13_02NBS,603,,0,LOW
