video,label,block_type,start_frame,end_frame,source
C021_A20_SY15_P01_B04_01DAS.mp4,N1,normal,0,299,AIHub
C021_A20_SY15_P01_B04_01DAS.mp4,A20,action,1889,3400,AIHub
C021_A20_SY15_P01_B04_01DAS.mp4,N1,normal,3401,3598,AIHub
C021_A20_SY15_P07_B01_02DAS.mp4,N1,normal,0,299,AIHub
C021_A20_SY15_P07_B01_02DAS.mp4,A20,action,1830,3379,AIHub
C021_A20_SY15_P07_B01_02DAS.mp4,N1,normal,3380,3598,AIHub
C021_A20_SY15_P01_B10_02DAS.mp4,N1,normal,0,199,AIHub
C021_A20_SY15_P01_B10_02DAS.mp4,A20,action,1700,3379,AIHub
C021_A20_SY15_P01_B10_02DAS.mp4,N1,normal,3380,3597,AIHub
C021_A18_SY16_P01_S13_01NBS.mp4,N1,normal,0,288,AIHub
C021_A18_SY16_P01_S13_01NBS.mp4,A18,action,1842,3403,AIHub
C021_A18_SY16_P01_S13_01NBS.mp4,N1,normal,3404,3597,AIHub
C021_A18_SY15_P01_S09_02DAS.mp4,N1,normal,0,279,AIHub
C021_A18_SY15_P01_S09_02DAS.mp4,A18,action,1800,3449,AIHub
C021_A18_SY15_P01_S09_02DAS.mp4,N1,normal,3450,3597,AIHub
C021_A20_SY16_P01_S10_02DAS.mp4,N1,normal,0,299,AIHub
C021_A20_SY16_P01_S10_02DAS.mp4,A20,action,1912,3299,AIHub
C021_A20_SY16_P01_S10_02DAS.mp4,N1,normal,3300,3597,AIHub
C021_A18_SY15_P07_S10_03DBS.mp4,N1,normal,0,299,AIHub
C021_A18_SY15_P07_S10_03DBS.mp4,A18,action,1800,3459,AIHub
C021_A18_SY15_P07_S10_03DBS.mp4,N1,normal,3460,3597,AIHub
C021_A18_SY17_P01_S03_02NBS.mp4,N1,normal,0,250,AIHub
C021_A18_SY17_P01_S03_02NBS.mp4,A18,action,1751,3260,AIHub
C021_A18_SY17_P01_S03_02NBS.mp4,N1,normal,3261,3597,AIHub
C021_A20_SY15_P01_S08_01DAS.mp4,N1,normal,0,289,AIHub
C021_A20_SY15_P01_S08_01DAS.mp4,A20,action,1800,3384,AIHub
C021_A20_SY15_P01_S08_01DAS.mp4,N1,normal,3385,3597,AIHub
C021_A20_SY15_P07_B06_02DBS.mp4,N1,normal,0,239,AIHub
C021_A20_SY15_P07_B06_02DBS.mp4,A20,action,1760,3329,AIHub
C021_A20_SY15_P07_B06_02DBS.mp4,N1,normal,3330,3598,AIHub
C021_A21_SY16_P07_S02_01DBS.mp4,A21,action,1790,3329,AIHub
C021_A21_SY16_P07_S02_01DBS.mp4,N1,normal,3330,3597,AIHub
C021_A17_SY15_P01_S11_01DAS.mp4,N1,normal,0,239,AIHub
C021_A17_SY15_P01_S11_01DAS.mp4,A17,action,1710,3369,AIHub
C021_A17_SY15_P01_S11_01DAS.mp4,N1,normal,3370,3597,AIHub
C021_A20_SY16_P07_S06_01DBS.mp4,N1,normal,0,299,AIHub
C021_A20_SY16_P07_S06_01DBS.mp4,A20,action,1740,3299,AIHub
C021_A20_SY16_P07_S06_01DBS.mp4,N1,normal,3300,3597,AIHub
C021_A18_SY16_P07_S02_03DBS.mp4,N1,normal,0,500,AIHub
C021_A18_SY16_P07_S02_03DBS.mp4,A18,action,2121,3500,AIHub
C021_A18_SY16_P07_S02_03DBS.mp4,N1,normal,3501,3597,AIHub
C021_A20_SY17_P07_S03_02DBS.mp4,N1,normal,0,300,AIHub
C021_A20_SY17_P07_S03_02DBS.mp4,A20,action,1801,3300,AIHub
C021_A20_SY17_P07_S03_02DBS.mp4,N1,normal,3301,3597,AIHub
C021_A18_SY15_P01_S07_01DBS.mp4,N1,normal,0,209,AIHub
C021_A18_SY15_P01_S07_01DBS.mp4,A18,action,1900,3349,AIHub
C021_A18_SY15_P01_S07_01DBS.mp4,N1,normal,3350,3597,AIHub
C021_A20_SY15_P07_B12_02NBS.mp4,N1,normal,0,280,AIHub
C021_A20_SY15_P07_B12_02NBS.mp4,A20,action,1850,3399,AIHub
C021_A20_SY15_P07_B12_02NBS.mp4,N1,normal,3400,3600,AIHub
C021_A18_SY17_P01_S03_01NAS.mp4,N1,normal,0,380,AIHub
C021_A18_SY17_P01_S03_01NAS.mp4,A18,action,1961,3390,AIHub
C021_A18_SY17_P01_S03_01NAS.mp4,N1,normal,3391,3597,AIHub
C021_A18_SY15_P01_S11_01DAS.mp4,N1,normal,0,229,AIHub
C021_A18_SY15_P01_S11_01DAS.mp4,A18,action,1800,3439,AIHub
C021_A18_SY15_P01_S11_01DAS.mp4,N1,normal,3440,3597,AIHub
C021_A18_SY15_P07_S10_02DBS.mp4,N1,normal,0,99,AIHub
C021_A18_SY15_P07_S10_02DBS.mp4,A18,action,1600,3159,AIHub
C021_A18_SY15_P07_S10_02DBS.mp4,N1,normal,3160,3597,AIHub
C021_A18_SY15_P07_S06_01DAS.mp4,N1,normal,0,364,AIHub
C021_A18_SY15_P07_S06_01DAS.mp4,A18,action,1935,3420,AIHub
C021_A18_SY15_P07_S06_01DAS.mp4,N1,normal,3421,3597,AIHub
C021_A20_SY15_P07_B07_01DAS.mp4,N1,normal,0,225,AIHub
C021_A20_SY15_P07_B07_01DAS.mp4,A20,action,1840,3359,AIHub
C021_A20_SY15_P07_B07_01DAS.mp4,N1,normal,3360,3598,AIHub
C021_A20_SY15_P01_B09_01DAS.mp4,N1,normal,0,459,AIHub
C021_A20_SY15_P01_B09_01DAS.mp4,A20,action,1970,3299,AIHub
C021_A20_SY15_P07_B13_02NAS.mp4,N1,normal,0,199,AIHub
C021_A20_SY15_P07_B13_02NAS.mp4,A20,action,1700,3299,AIHub
C021_A20_SY15_P07_B13_02NAS.mp4,N1,normal,3300,3601,AIHub
C021_A19_SY15_P01_B02_01DBS.mp4,A19,action,2000,3499,AIHub
C021_A19_SY15_P01_B02_01DBS.mp4,N01,normal,3500,3597,AIHub
C021_A18_SY17_P01_S02_01DBS.mp4,N1,normal,0,420,AIHub
C021_A18_SY17_P01_S02_01DBS.mp4,A18,action,2041,3299,AIHub
C021_A18_SY17_P01_S02_01DBS.mp4,N1,normal,3300,3597,AIHub
C021_A18_SY15_P01_S08_02DAS.mp4,N1,normal,0,144,AIHub
C021_A18_SY15_P01_S08_02DAS.mp4,A18,action,1670,3309,AIHub
C021_A18_SY15_P01_S08_02DAS.mp4,N1,normal,3310,3597,AIHub
C021_A21_SY16_P07_B02_02DBS.mp4,A17,action,1780,3299,AIHub
C021_A21_SY16_P07_B02_02DBS.mp4,N1,normal,3300,3597,AIHub
C021_A20_SY15_P01_B09_02DBS.mp4,N1,normal,0,199,AIHub
C021_A20_SY15_P01_B09_02DBS.mp4,A20,action,1700,3279,AIHub
C021_A20_SY15_P01_B09_02DBS.mp4,N1,normal,3280,3597,AIHub
C021_A18_SY16_P07_S13_02NAS.mp4,N1,normal,0,204,AIHub
C021_A18_SY16_P07_S13_02NAS.mp4,A18,action,1776,3397,AIHub
C021_A18_SY16_P07_S13_02NAS.mp4,N1,normal,3398,3600,AIHub
C021_A18_SY16_P07_S03_03DAS.mp4,N1,normal,0,470,AIHub
C021_A18_SY16_P07_S03_03DAS.mp4,A18,action,2071,3430,AIHub
C021_A18_SY16_P07_S03_03DAS.mp4,N1,normal,3431,3597,AIHub
C021_A20_SY15_P01_B12_02NAS.mp4,N1,normal,0,179,AIHub
C021_A20_SY15_P01_B12_02NAS.mp4,A20,action,1730,3297,AIHub
C021_A20_SY15_P01_B12_02NAS.mp4,N1,normal,3298,3608,AIHub
C021_A20_SY15_P01_B06_02DBS.mp4,N1,normal,0,208,AIHub
C021_A20_SY15_P01_B06_02DBS.mp4,A20,action,1747,3354,AIHub
C021_A20_SY15_P01_B06_02DBS.mp4,N1,normal,3355,3597,AIHub
C021_A21_SY15_P01_B03_01NAS.mp4,N1,normal,0,299,AIHub
C021_A21_SY15_P01_B03_01NAS.mp4,A21,action,1900,3329,AIHub
C021_A21_SY15_P01_B03_01NAS.mp4,N1,normal,3330,3597,AIHub
C021_A20_SY32_P01_S05_02DBS.mp4,N1,normal,0,309,AIHub
C021_A20_SY32_P01_S05_02DBS.mp4,A20,action,1880,3430,AIHub
C021_A20_SY32_P01_S05_02DBS.mp4,N1,normal,3431,3597,AIHub
C021_A20_SY15_P07_B08_02DBS.mp4,N1,normal,0,339,AIHub
C021_A20_SY15_P07_B08_02DBS.mp4,A20,action,1850,3349,AIHub
C021_A20_SY15_P07_B08_02DBS.mp4,N1,normal,3350,3597,AIHub
C021_A20_SY15_P01_S05_02DBS.mp4,N1,normal,0,254,AIHub
C021_A20_SY15_P01_S05_02DBS.mp4,A20,action,1800,3479,AIHub
C021_A20_SY15_P01_S05_02DBS.mp4,N1,normal,3480,3597,AIHub
C021_A18_SY17_P07_S02_01DAS.mp4,N1,normal,0,180,AIHub
C021_A18_SY17_P07_S02_01DAS.mp4,A18,action,2011,3520,AIHub
C021_A18_SY17_P07_S02_01DAS.mp4,N1,normal,3521,3596,AIHub
C021_A20_SY17_P07_S03_01DBS.mp4,N1,normal,0,399,AIHub
C021_A20_SY17_P07_S03_01DBS.mp4,A20,action,1900,3299,AIHub
C021_A20_SY17_P07_S03_01DBS.mp4,N1,normal,3300,3597,AIHub
C021_A21_SY17_P07_S07_01DBS.mp4,N1,normal,0,407,AIHub
C021_A21_SY17_P07_S07_01DBS.mp4,A21,action,1815,3359,AIHub
C021_A21_SY17_P07_S07_01DBS.mp4,N1,normal,3360,3597,AIHub
C021_A21_SY15_P01_B10_01DAS.mp4,N1,normal,0,219,AIHub
C021_A21_SY15_P01_B10_01DAS.mp4,A21,action,1750,3339,AIHub
C021_A21_SY15_P01_B10_01DAS.mp4,N1,normal,3340,3597,AIHub
C021_A18_SY16_P07_S08_02DAS.mp4,N1,normal,0,158,AIHub
C021_A18_SY16_P07_S08_02DAS.mp4,A18,action,1580,3259,AIHub
C021_A18_SY16_P07_S08_02DAS.mp4,N1,normal,3260,3597,AIHub
C021_A20_SY16_P01_S04_02DBS.mp4,N1,normal,0,300,AIHub
C021_A20_SY16_P01_S04_02DBS.mp4,A20,action,1801,3300,AIHub
C021_A20_SY16_P01_S04_02DBS.mp4,N1,normal,3301,3597,AIHub
C021_A19_SY16_P01_B06_01DAS.mp4,N1,normal,0,349,AIHub
C021_A19_SY16_P01_B06_01DAS.mp4,A19,action,1860,3399,AIHub
C021_A19_SY16_P01_B06_01DAS.mp4,N1,normal,3400,3597,AIHub
C021_A21_SY15_P07_B10_01DBS.mp4,N1,normal,0,209,AIHub
C021_A21_SY15_P07_B10_01DBS.mp4,A21,action,1720,3329,AIHub
C021_A21_SY15_P07_B10_01DBS.mp4,N1,normal,3330,3597,AIHub
C021_A18_SY16_P01_S05_01DAS.mp4,N1,normal,0,109,AIHub
C021_A18_SY16_P01_S05_01DAS.mp4,A18,action,1620,3249,AIHub
C021_A18_SY16_P01_S05_01DAS.mp4,N1,normal,3250,3597,AIHub
C021_A20_SY15_P01_B08_02DBS.mp4,N1,normal,0,229,AIHub
C021_A20_SY15_P01_B08_02DBS.mp4,A20,action,1680,3299,AIHub
C021_A20_SY15_P01_B08_02DBS.mp4,N1,normal,3300,3597,AIHub
C021_A20_SY15_P07_B08_01DBS.mp4,N1,normal,0,339,AIHub
C021_A20_SY15_P07_B08_01DBS.mp4,A20,action,1848,3379,AIHub
C021_A20_SY15_P07_B08_01DBS.mp4,N1,normal,3380,3597,AIHub
C021_A20_SY15_P01_B04_02DAS.mp4,N1,normal,0,269,AIHub
C021_A20_SY15_P01_B04_02DAS.mp4,A20,action,1750,3339,AIHub
C021_A20_SY15_P01_B04_02DAS.mp4,N1,normal,3340,3598,AIHub
C021_A18_SY15_P07_S09_03DBS.mp4,N1,normal,0,249,AIHub
C021_A18_SY15_P07_S09_03DBS.mp4,A18,action,1700,3429,AIHub
C021_A18_SY15_P07_S09_03DBS.mp4,N1,normal,3430,3597,AIHub
C021_A20_SY17_P07_S02_01DBS.mp4,N1,normal,0,249,AIHub
C021_A20_SY17_P07_S02_01DBS.mp4,A20,action,1800,3319,AIHub
C021_A20_SY17_P07_S02_01DBS.mp4,N1,normal,3320,3597,AIHub
C021_A18_SY16_P07_S08_01DBS.mp4,N1,normal,0,269,AIHub
C021_A18_SY16_P07_S08_01DBS.mp4,A18,action,1705,3289,AIHub
C021_A18_SY16_P07_S08_01DBS.mp4,N1,normal,3290,3597,AIHub
C021_A21_SY32_P01_S05_01DBS.mp4,N1,normal,0,329,AIHub
C021_A21_SY32_P01_S05_01DBS.mp4,A21,action,1870,3413,AIHub
C021_A21_SY32_P01_S05_01DBS.mp4,N1,normal,3414,3597,AIHub
C021_A18_SY17_P01_S02_02DAS.mp4,N1,normal,0,380,AIHub
C021_A18_SY17_P01_S02_02DAS.mp4,A18,action,1851,3360,AIHub
C021_A18_SY17_P01_S02_02DAS.mp4,N1,normal,3361,3597,AIHub
C021_A18_SY17_P07_S02_03DBS.mp4,N1,normal,0,340,AIHub
C021_A18_SY17_P07_S02_03DBS.mp4,A18,action,1861,3390,AIHub
C021_A18_SY17_P07_S02_03DBS.mp4,N1,normal,3391,3597,AIHub
C021_A21_SY16_P07_B06_01DAS.mp4,N1,normal,0,249,AIHub
C021_A21_SY16_P07_B06_01DAS.mp4,A21,action,1750,3269,AIHub
C021_A21_SY16_P07_B06_01DAS.mp4,N1,normal,3270,3598,AIHub
C021_A18_SY16_P07_S01_01DAS.mp4,N1,normal,0,360,AIHub
C021_A18_SY16_P07_S01_01DAS.mp4,A18,action,1811,3410,AIHub
C021_A18_SY16_P07_S01_01DAS.mp4,N1,normal,3411,3596,AIHub
C021_A18_SY15_P01_S04_01DAS.mp4,N1,normal,0,327,AIHub
C021_A18_SY15_P01_S04_01DAS.mp4,A18,action,1936,3410,AIHub
C021_A18_SY15_P01_S04_01DAS.mp4,N1,normal,3411,3597,AIHub
C021_A18_SY17_P07_S02_02DAS.mp4,N1,normal,0,410,AIHub
C021_A18_SY17_P07_S02_02DAS.mp4,A18,action,1991,3596,AIHub
C021_A20_SY15_P01_B11_02DAS.mp4,N1,normal,0,159,AIHub
C021_A20_SY15_P01_B11_02DAS.mp4,A20,action,1650,3299,AIHub
C021_A20_SY15_P01_B11_02DAS.mp4,N1,normal,3300,3597,AIHub
C021_A20_SY16_P07_S01_01DAS.mp4,N1,normal,0,250,AIHub
C021_A20_SY16_P07_S01_01DAS.mp4,A20,action,1983,3523,AIHub
C021_A20_SY16_P07_S01_01DAS.mp4,N1,normal,3524,3596,AIHub
C021_A18_SY16_P07_S03_01DBS.mp4,N1,normal,0,300,AIHub
C021_A18_SY16_P07_S03_01DBS.mp4,A18,action,1831,3330,AIHub
C021_A18_SY16_P07_S03_01DBS.mp4,N1,normal,3331,3597,AIHub
C021_A21_SY15_P07_B12_01NBS.mp4,N1,normal,0,149,AIHub
C021_A21_SY15_P07_B12_01NBS.mp4,A21,action,1800,3299,AIHub
C021_A21_SY15_P07_B12_01NBS.mp4,N1,normal,3300,3600,AIHub
C021_A20_SY16_P07_S03_01DAS.mp4,N1,normal,0,157,AIHub
C021_A20_SY16_P07_S03_01DAS.mp4,A20,action,1922,3420,AIHub
C021_A20_SY16_P07_S03_01DAS.mp4,N1,normal,3421,3597,AIHub
C021_A20_SY15_P07_B10_02DAS.mp4,N1,normal,0,299,AIHub
C021_A20_SY15_P07_B10_02DAS.mp4,A20,action,1790,3349,AIHub
C021_A20_SY15_P07_B10_02DAS.mp4,N1,normal,3350,3597,AIHub
C021_A20_SY17_P07_S01_02DBS.mp4,N1,normal,0,666,AIHub
C021_A20_SY17_P07_S01_02DBS.mp4,A20,action,2036,3469,AIHub
C021_A20_SY17_P07_S01_02DBS.mp4,N1,normal,3470,3597,AIHub
C021_A20_SY15_P07_B13_01NBS.mp4,N1,normal,0,256,AIHub
C021_A20_SY15_P07_B13_01NBS.mp4,A20,action,1924,3429,AIHub
C021_A20_SY15_P07_B13_01NBS.mp4,N1,normal,3430,3600,AIHub
C021_A19_SY16_P07_B02_01DBS.mp4,N1,normal,0,359,AIHub
C021_A19_SY16_P07_B02_01DBS.mp4,A19,action,1907,3399,AIHub
C021_A19_SY16_P07_B02_01DBS.mp4,N1,normal,3400,3597,AIHub
C021_A19_SY16_P01_B10_01DAS.mp4,N1,normal,0,179,AIHub
C021_A19_SY16_P01_B10_01DAS.mp4,A19,action,1680,3319,AIHub
C021_A19_SY16_P01_B10_01DAS.mp4,N1,normal,3320,3597,AIHub
C021_A21_SY15_P01_B08_01DBS.mp4,N1,normal,0,159,AIHub
C021_A21_SY15_P01_B08_01DBS.mp4,A21,action,1730,3239,AIHub
C021_A21_SY15_P01_B08_01DBS.mp4,N1,normal,3240,3597,AIHub
C021_A21_SY15_P01_B11_01DBS.mp4,N1,normal,0,299,AIHub
C021_A21_SY15_P01_B11_01DBS.mp4,A21,action,1900,3409,AIHub
C021_A21_SY15_P01_B11_01DBS.mp4,N1,normal,3410,3597,AIHub
C021_A19_SY15_P07_B12_02NBS.mp4,N1,normal,0,99,AIHub
C021_A19_SY15_P07_B12_02NBS.mp4,A19,action,1620,3199,AIHub
C021_A19_SY15_P07_B12_02NBS.mp4,N1,normal,3200,3600,AIHub
C021_A18_SY16_P01_S10_01DBS.mp4,N1,normal,0,299,AIHub
C021_A18_SY16_P01_S10_01DBS.mp4,A18,action,1939,3299,AIHub
C021_A18_SY16_P01_S10_01DBS.mp4,N1,normal,3300,3597,AIHub
C021_A18_SY16_P01_S01_01DAS.mp4,N1,normal,0,200,AIHub
C021_A18_SY16_P01_S01_01DAS.mp4,A18,action,1681,3300,AIHub
C021_A18_SY16_P01_S01_01DAS.mp4,N1,normal,3301,3597,AIHub
C021_A20_SY15_P07_B07_02DBS.mp4,N1,normal,0,379,AIHub
C021_A20_SY15_P07_B07_02DBS.mp4,A20,action,1870,3449,AIHub
C021_A20_SY15_P07_B07_02DBS.mp4,N1,normal,3450,3598,AIHub
C021_A20_SY15_P01_B01_02DBS.mp4,N1,normal,0,199,AIHub
C021_A20_SY15_P01_B01_02DBS.mp4,A20,action,1730,3269,AIHub
C021_A20_SY15_P01_B01_02DBS.mp4,N1,normal,3270,3597,AIHub
C021_A18_SY15_P01_S03_01NAS.mp4,N1,normal,0,99,AIHub
C021_A18_SY15_P01_S03_01NAS.mp4,A18,action,1600,3199,AIHub
C021_A18_SY15_P01_S03_01NAS.mp4,N1,normal,3200,3597,AIHub
C021_A18_SY16_P07_S09_03DBS.mp4,N1,normal,0,385,AIHub
C021_A18_SY16_P07_S09_03DBS.mp4,A18,action,1925,3332,AIHub
C021_A18_SY16_P07_S09_03DBS.mp4,N1,normal,3333,3597,AIHub
C021_A19_SY15_P07_B12_02NAS.mp4,N1,normal,0,249,AIHub
C021_A19_SY15_P07_B12_02NAS.mp4,A19,action,1810,3379,AIHub
C021_A19_SY15_P07_B12_02NAS.mp4,N1,normal,3380,3600,AIHub
C021_A18_SY15_P01_S02_02DAS.mp4,N1,normal,0,349,AIHub
C021_A18_SY15_P01_S02_02DAS.mp4,A18,action,1850,3399,AIHub
C021_A18_SY15_P01_S02_02DAS.mp4,N1,normal,3400,3597,AIHub
C021_A18_SY16_P01_S07_01DAS.mp4,N1,normal,0,299,AIHub
C021_A18_SY16_P01_S07_01DAS.mp4,A18,action,1939,3299,AIHub
C021_A18_SY16_P01_S07_01DAS.mp4,N1,normal,3300,3597,AIHub
C021_A18_SY17_P01_S01_02DBS.mp4,N1,normal,0,430,AIHub
C021_A18_SY17_P01_S01_02DBS.mp4,A18,action,1941,3460,AIHub
C021_A18_SY17_P01_S01_02DBS.mp4,N1,normal,3461,3597,AIHub
C021_A17_SY15_P01_S10_01DBS.mp4,N1,normal,0,319,AIHub
C021_A17_SY15_P01_S10_01DBS.mp4,A17,action,1830,3399,AIHub
C021_A17_SY15_P01_S10_01DBS.mp4,N1,normal,3400,3597,AIHub
C021_A21_SY16_P07_S03_01DBS.mp4,N1,normal,0,249,AIHub
C021_A21_SY16_P07_S03_01DBS.mp4,A21,action,1980,3597,AIHub
C021_A19_SY16_P01_B06_01DBS.mp4,N1,normal,0,179,AIHub
C021_A19_SY16_P01_B06_01DBS.mp4,A19,action,1760,3299,AIHub
C021_A19_SY16_P01_B06_01DBS.mp4,N1,normal,3300,3597,AIHub
C021_A18_SY15_P01_S10_01DBS.mp4,N1,normal,0,159,AIHub
C021_A18_SY15_P01_S10_01DBS.mp4,A18,action,1950,3289,AIHub
C021_A18_SY15_P01_S10_01DBS.mp4,N1,normal,3290,3597,AIHub
C021_A18_SY16_P07_S12_02NBS.mp4,N1,normal,0,378,AIHub
C021_A18_SY16_P07_S12_02NBS.mp4,A18,action,1780,3491,AIHub
C021_A18_SY16_P07_S12_02NBS.mp4,N1,normal,3492,3600,AIHub
C021_A21_SY15_P07_S06_01DBS.mp4,N1,normal,0,279,AIHub
C021_A21_SY15_P07_S06_01DBS.mp4,A21,action,1740,3319,AIHub
C021_A21_SY15_P07_S06_01DBS.mp4,N1,normal,3320,3598,AIHub
C021_A18_SY15_P07_S01_01DAS.mp4,N1,normal,0,526,AIHub
C021_A18_SY15_P07_S01_01DAS.mp4,A18,action,2120,3518,AIHub
C021_A18_SY15_P07_S01_01DAS.mp4,N1,normal,3519,3596,AIHub
C021_A18_SY15_P01_S04_01DBS.mp4,N1,normal,0,274,AIHub
C021_A18_SY15_P01_S04_01DBS.mp4,A18,action,1877,3351,AIHub
C021_A18_SY15_P01_S04_01DBS.mp4,N1,normal,3352,3597,AIHub
C021_A20_SY16_P07_S12_01NBS.mp4,N1,normal,0,234,AIHub
C021_A20_SY16_P07_S12_01NBS.mp4,A20,action,1751,3366,AIHub
C021_A20_SY16_P07_S12_01NBS.mp4,N1,normal,3367,3600,AIHub
C021_A18_SY15_P07_S12_03NAS.mp4,N1,normal,0,309,AIHub
C021_A18_SY15_P07_S12_03NAS.mp4,A18,action,1830,3489,AIHub
C021_A18_SY15_P07_S12_03NAS.mp4,N1,normal,3490,3600,AIHub
C021_A19_SY15_P01_S12_01NBS.mp4,N1,normal,0,188,AIHub
C021_A19_SY15_P01_S12_01NBS.mp4,A19,action,1737,3317,AIHub
C021_A19_SY15_P01_S12_01NBS.mp4,N1,normal,3318,3598,AIHub
C021_A19_SY15_P01_B11_01DAS.mp4,N1,normal,0,239,AIHub
C021_A19_SY15_P01_B11_01DAS.mp4,A19,action,1725,3299,AIHub
C021_A19_SY15_P01_B11_01DAS.mp4,N1,normal,3300,3597,AIHub
C021_A20_SY15_P07_B06_01DAS.mp4,N1,normal,0,149,AIHub
C021_A20_SY15_P07_B06_01DAS.mp4,A20,action,1660,3179,AIHub
C021_A20_SY15_P07_B06_01DAS.mp4,N1,normal,3180,3598,AIHub
C021_A20_SY16_P01_S12_02NBS.mp4,N1,normal,0,299,AIHub
C021_A20_SY16_P01_S12_02NBS.mp4,A20,action,1750,3359,AIHub
C021_A20_SY16_P01_S12_02NBS.mp4,N1,normal,3360,3597,AIHub
C021_A19_SY17_P07_S01_01DBS.mp4,N1,normal,0,506,AIHub
C021_A19_SY17_P07_S01_01DBS.mp4,A19,action,1953,3485,AIHub
C021_A19_SY17_P07_S01_01DBS.mp4,N1,normal,3486,3597,AIHub
C021_A18_SY17_P07_S01_01DAS.mp4,N1,normal,0,478,AIHub
C021_A18_SY17_P07_S01_01DAS.mp4,A18,action,1995,3470,AIHub
C021_A18_SY17_P07_S01_01DAS.mp4,N1,normal,3471,3596,AIHub
C021_A21_SY16_P07_S02_01DAS.mp4,A21,action,1800,3349,AIHub
C021_A21_SY16_P07_S02_01DAS.mp4,N1,normal,3350,3596,AIHub
C021_A18_SY15_P01_S12_01NAS.mp4,N1,normal,0,379,AIHub
C021_A18_SY15_P01_S12_01NAS.mp4,A18,action,1828,3416,AIHub
C021_A18_SY15_P01_S12_01NAS.mp4,N1,normal,3417,3603,AIHub
C021_A19_SY16_P07_B10_01DAS.mp4,N1,normal,0,279,AIHub
C021_A19_SY16_P07_B10_01DAS.mp4,A19,action,1780,3299,AIHub
C021_A19_SY16_P07_B10_01DAS.mp4,N1,normal,3300,3597,AIHub
C021_A18_SY17_P01_S01_01DBS.mp4,N1,normal,0,380,AIHub
C021_A18_SY17_P01_S01_01DBS.mp4,A18,action,1961,3399,AIHub
C021_A18_SY17_P01_S01_01DBS.mp4,N1,normal,3400,3597,AIHub
C021_A18_SY16_P01_S09_02DBS.mp4,N1,normal,0,299,AIHub
C021_A18_SY16_P01_S09_02DBS.mp4,A18,action,1807,3299,AIHub
C021_A18_SY16_P01_S09_02DBS.mp4,N1,normal,3300,3597,AIHub
C021_A21_SY15_P07_B10_01DAS.mp4,N1,normal,0,249,AIHub
C021_A21_SY15_P07_B10_01DAS.mp4,A21,action,1750,3359,AIHub
C021_A21_SY15_P07_B10_01DAS.mp4,N1,normal,3360,3597,AIHub
C021_A18_SY15_P07_S10_02DAS.mp4,N1,normal,0,199,AIHub
C021_A18_SY15_P07_S10_02DAS.mp4,A18,action,1700,3249,AIHub
C021_A18_SY15_P07_S10_02DAS.mp4,N1,normal,3250,3597,AIHub
C021_A19_SY15_P01_B04_01DBS.mp4,N1,normal,0,199,AIHub
C021_A19_SY15_P01_B04_01DBS.mp4,A19,action,1697,3249,AIHub
C021_A19_SY15_P01_B04_01DBS.mp4,A01,action,3250,3597,AIHub
C021_A18_SY16_P07_S10_03DAS.mp4,N1,normal,0,335,AIHub
C021_A18_SY16_P07_S10_03DAS.mp4,A18,action,1795,3442,AIHub
C021_A18_SY16_P07_S10_03DAS.mp4,N1,normal,3443,3597,AIHub
C021_A20_SY15_P07_B09_02DAS.mp4,N1,normal,0,299,AIHub
C021_A20_SY15_P07_B09_02DAS.mp4,A20,action,1760,3439,AIHub
C021_A20_SY15_P07_B09_02DAS.mp4,N1,normal,3440,3597,AIHub
C021_A19_SY15_P07_B03_02DBS.mp4,N1,normal,0,369,AIHub
C021_A19_SY15_P07_B03_02DBS.mp4,A19,action,1800,3499,AIHub
C021_A19_SY15_P07_B03_02DBS.mp4,N01,normal,3500,3597,AIHub
C021_A19_SY16_P07_B01_01DBS.mp4,N1,normal,0,409,AIHub
C021_A19_SY16_P07_B01_01DBS.mp4,A19,action,1850,3449,AIHub
C021_A19_SY16_P07_B01_01DBS.mp4,N01,normal,3450,3597,AIHub
C021_A20_SY15_P01_S07_02DAS.mp4,N1,normal,0,281,AIHub
C021_A20_SY15_P01_S07_02DAS.mp4,A20,action,1835,3344,AIHub
C021_A20_SY15_P01_S07_02DAS.mp4,N1,normal,3345,3597,AIHub
C021_A17_SY15_P07_S10_01DBS.mp4,N1,normal,0,249,AIHub
C021_A17_SY15_P07_S10_01DBS.mp4,A17,action,1730,3299,AIHub
C021_A17_SY15_P07_S10_01DBS.mp4,N1,normal,3300,3597,AIHub
C021_A18_SY16_P07_S09_03DAS.mp4,N1,normal,0,358,AIHub
C021_A18_SY16_P07_S09_03DAS.mp4,A18,action,1887,3480,AIHub
C021_A18_SY16_P07_S09_03DAS.mp4,N1,normal,3481,3597,AIHub
C021_A18_SY16_P07_S10_01DAS.mp4,N1,normal,0,388,AIHub
C021_A18_SY16_P07_S10_01DAS.mp4,A18,action,1814,3342,AIHub
C021_A18_SY16_P07_S10_01DAS.mp4,N1,normal,3343,3597,AIHub
C021_A20_SY15_P01_B10_01DAS.mp4,N1,normal,0,209,AIHub
C021_A20_SY15_P01_B10_01DAS.mp4,A20,action,1710,3349,AIHub
C021_A20_SY15_P01_B10_01DAS.mp4,N1,normal,3350,3597,AIHub
C021_A18_SY15_P07_S02_03DBS.mp4,N1,normal,0,300,AIHub
C021_A18_SY15_P07_S02_03DBS.mp4,A18,action,1801,3300,AIHub
C021_A18_SY15_P07_S02_03DBS.mp4,N1,normal,3301,3597,AIHub
C021_A20_SY16_P07_S14_01DBS.mp4,N1,normal,0,199,AIHub
C021_A20_SY16_P07_S14_01DBS.mp4,A20,action,1800,3359,AIHub
C021_A20_SY16_P07_S14_01DBS.mp4,N1,normal,3360,3600,AIHub
C021_A20_SY15_P07_B01_01DAS.mp4,N1,normal,0,369,AIHub
C021_A20_SY15_P07_B01_01DAS.mp4,A20,action,1980,3449,AIHub
C021_A20_SY15_P07_B01_01DAS.mp4,N1,normal,3450,3598,AIHub
C021_A18_SY16_P01_S08_02DBS.mp4,N1,normal,0,299,AIHub
C021_A18_SY16_P01_S08_02DBS.mp4,A18,action,1810,3299,AIHub
C021_A18_SY16_P01_S08_02DBS.mp4,N1,normal,3300,3597,AIHub
C021_A20_SY15_P07_B09_02DBS.mp4,N1,normal,0,299,AIHub
C021_A20_SY15_P07_B09_02DBS.mp4,A20,action,1770,3369,AIHub
C021_A20_SY15_P07_B09_02DBS.mp4,N1,normal,3370,3597,AIHub
C021_A18_SY16_P01_S01_02DAS.mp4,N1,normal,0,300,AIHub
C021_A18_SY16_P01_S01_02DAS.mp4,A18,action,1861,3370,AIHub
C021_A18_SY16_P01_S01_02DAS.mp4,N1,normal,3371,3597,AIHub
C021_A18_SY16_P07_S12_02NAS.mp4,N1,normal,0,157,AIHub
C021_A18_SY16_P07_S12_02NAS.mp4,A18,action,1571,3273,AIHub
C021_A18_SY16_P07_S12_02NAS.mp4,N1,normal,3274,3600,AIHub
C021_A18_SY17_P01_S04_02DBS.mp4,N1,normal,0,361,AIHub
C021_A18_SY17_P01_S04_02DBS.mp4,A18,action,1861,3343,AIHub
C021_A18_SY17_P01_S04_02DBS.mp4,N1,normal,3344,3597,AIHub
C021_A20_SY16_P07_S09_01DAS.mp4,N1,normal,0,299,AIHub
C021_A20_SY16_P07_S09_01DAS.mp4,A20,action,1675,3299,AIHub
C021_A20_SY16_P07_S09_01DAS.mp4,N1,normal,3300,3597,AIHub
C021_A20_SY15_P01_B03_02NBS.mp4,N1,normal,0,169,AIHub
C021_A20_SY15_P01_B03_02NBS.mp4,A20,action,1560,3349,AIHub
C021_A20_SY15_P01_B03_02NBS.mp4,N1,normal,3350,3598,AIHub
C021_A17_SY15_P01_S06_01DAS.mp4,N1,normal,0,209,AIHub
C021_A17_SY15_P01_S06_01DAS.mp4,A17,action,1700,3299,AIHub
C021_A17_SY15_P01_S06_01DAS.mp4,N1,normal,3300,3597,AIHub
C021_A18_SY15_P07_S02_03DAS.mp4,N1,normal,0,199,AIHub
C021_A18_SY15_P07_S02_03DAS.mp4,A18,action,2000,3596,AIHub
C021_A18_SY15_P07_S07_01DAS.mp4,N1,normal,0,361,AIHub
C021_A18_SY15_P07_S07_01DAS.mp4,A18,action,1837,3236,AIHub
C021_A18_SY15_P07_S07_01DAS.mp4,N1,normal,3237,3597,AIHub
C021_A21_SY16_P07_B07_02DAS.mp4,N1,normal,0,364,AIHub
C021_A21_SY16_P07_B07_02DAS.mp4,A17,action,1812,3299,AIHub
C021_A21_SY16_P07_B07_02DAS.mp4,N1,normal,3300,3598,AIHub
C021_A19_SY16_P01_B08_01DAS.mp4,N1,normal,0,99,AIHub
C021_A19_SY16_P01_B08_01DAS.mp4,A19,action,1600,3249,AIHub
C021_A19_SY16_P01_B08_01DAS.mp4,N1,normal,3250,3597,AIHub
C021_A18_SY17_P07_S02_01DBS.mp4,N1,normal,0,180,AIHub
C021_A18_SY17_P07_S02_01DBS.mp4,A18,action,2001,3540,AIHub
C021_A18_SY17_P07_S02_01DBS.mp4,N1,normal,3541,3597,AIHub
C021_A18_SY15_P07_S03_01DBS.mp4,N1,normal,0,299,AIHub
C021_A18_SY15_P07_S03_01DBS.mp4,A18,action,1800,3399,AIHub
C021_A18_SY15_P07_S03_01DBS.mp4,N1,normal,3400,3597,AIHub
C021_A21_SY15_P01_B09_01DBS.mp4,N1,normal,0,299,AIHub
C021_A21_SY15_P01_B09_01DBS.mp4,A21,action,1830,3419,AIHub
C021_A21_SY15_P01_B09_01DBS.mp4,N1,normal,3420,3597,AIHub
C021_A18_SY17_P07_S03_03DBS.mp4,N1,normal,0,300,AIHub
C021_A18_SY17_P07_S03_03DBS.mp4,A18,action,1821,3360,AIHub
C021_A18_SY17_P07_S03_03DBS.mp4,N1,normal,3361,3597,AIHub
C021_A18_SY17_P01_S02_01DAS.mp4,N1,normal,0,340,AIHub
C021_A18_SY17_P01_S02_01DAS.mp4,A18,action,1961,3320,AIHub
C021_A18_SY17_P01_S02_01DAS.mp4,N1,normal,3321,3597,AIHub
C021_A18_SY16_P07_S12_03NAS.mp4,N1,normal,0,307,AIHub
C021_A18_SY16_P07_S12_03NAS.mp4,A18,action,1760,3418,AIHub
C021_A18_SY16_P07_S12_03NAS.mp4,N1,normal,3419,3600,AIHub
C021_A18_SY15_P01_S01_01DBS.mp4,N1,normal,0,299,AIHub
C021_A18_SY15_P01_S01_01DBS.mp4,A18,action,1900,3299,AIHub
C021_A18_SY15_P01_S01_01DBS.mp4,N1,normal,3300,3597,AIHub
C021_A20_SY15_P07_B12_01NBS.mp4,N1,normal,0,287,AIHub
C021_A20_SY15_P07_B12_01NBS.mp4,A20,action,1740,3329,AIHub
C021_A20_SY15_P07_B12_01NBS.mp4,N1,normal,3330,3600,AIHub
C021_A18_SY15_P01_S01_01DAS.mp4,N1,normal,0,299,AIHub
C021_A18_SY15_P01_S01_01DAS.mp4,A18,action,1900,3349,AIHub
C021_A18_SY15_P01_S01_01DAS.mp4,N1,normal,3350,3597,AIHub
C021_A18_SY15_P01_S07_02DAS.mp4,N1,normal,0,149,AIHub
C021_A18_SY15_P01_S07_02DAS.mp4,A18,action,1670,3319,AIHub
C021_A18_SY15_P01_S07_02DAS.mp4,N1,normal,3320,3597,AIHub
C021_A18_SY15_P07_S14_03DAS.mp4,N1,normal,0,318,AIHub
C021_A18_SY15_P07_S14_03DAS.mp4,A18,action,1836,3465,AIHub
C021_A18_SY15_P07_S14_03DAS.mp4,N1,normal,3466,3600,AIHub
C021_A19_SY16_P01_S02_01DAS.mp4,N1,normal,0,199,AIHub
C021_A19_SY16_P01_S02_01DAS.mp4,A19,action,1730,3199,AIHub
C021_A19_SY16_P01_S02_01DAS.mp4,N1,normal,3200,3597,AIHub
C021_A18_SY17_P01_S04_01DBS.mp4,N1,normal,0,436,AIHub
C021_A18_SY17_P01_S04_01DBS.mp4,A18,action,1827,3379,AIHub
C021_A18_SY17_P01_S04_01DBS.mp4,N1,normal,3380,3597,AIHub
C021_A18_SY15_P01_B11_01DBS.mp4,N1,normal,0,89,AIHub
C021_A18_SY15_P01_B11_01DBS.mp4,A18,action,1650,3309,AIHub
C021_A18_SY15_P01_B11_01DBS.mp4,N1,normal,3310,3597,AIHub
C021_A20_SY17_P01_S01_01DAS.mp4,N1,normal,0,189,AIHub
C021_A20_SY17_P01_S01_01DAS.mp4,A20,action,1750,3149,AIHub
C021_A20_SY17_P01_S01_01DAS.mp4,N1,normal,3150,3597,AIHub
C021_A18_SY16_P07_S08_03DAS.mp4,N1,normal,0,268,AIHub
C021_A18_SY16_P07_S08_03DAS.mp4,A18,action,1675,3304,AIHub
C021_A18_SY16_P07_S08_03DAS.mp4,N1,normal,3305,3597,AIHub
C021_A20_SY15_P01_S06_01DBS.mp4,N1,normal,0,264,AIHub
C021_A20_SY15_P01_S06_01DBS.mp4,A20,action,1750,3361,AIHub
C021_A20_SY15_P01_S06_01DBS.mp4,N1,normal,3362,3597,AIHub
C021_A18_SY16_P01_S01_02DBS.mp4,N1,normal,0,300,AIHub
C021_A18_SY16_P01_S01_02DBS.mp4,A18,action,1861,3370,AIHub
C021_A18_SY16_P01_S01_02DBS.mp4,N1,normal,3371,3597,AIHub
C021_A18_SY17_P07_S02_02DBS.mp4,N1,normal,0,240,AIHub
C021_A18_SY17_P07_S02_02DBS.mp4,A18,action,1821,3480,AIHub
C021_A18_SY17_P07_S02_02DBS.mp4,N1,normal,3481,3597,AIHub
C021_A21_SY15_P01_B02_01DAS.mp4,N1,normal,0,319,AIHub
C021_A21_SY15_P01_B02_01DAS.mp4,A21,action,1800,3329,AIHub
C021_A21_SY15_P01_B02_01DAS.mp4,N1,normal,3330,3597,AIHub
C021_A18_SY15_P01_S01_02DAS.mp4,N1,normal,0,299,AIHub
C021_A18_SY15_P01_S01_02DAS.mp4,A18,action,1750,3299,AIHub
C021_A18_SY15_P01_S01_02DAS.mp4,N1,normal,3300,3597,AIHub
C021_A19_SY16_P01_S01_01DAS.mp4,N1,normal,0,299,AIHub
C021_A19_SY16_P01_S01_01DAS.mp4,A19,action,1800,3349,AIHub
C021_A19_SY16_P01_S01_01DAS.mp4,N1,normal,3350,3597,AIHub
C021_A20_SY15_P01_B04_02DBS.mp4,N1,normal,0,249,AIHub
C021_A20_SY15_P01_B04_02DBS.mp4,A20,action,1730,3319,AIHub
C021_A20_SY15_P01_B04_02DBS.mp4,N1,normal,3320,3598,AIHub
C021_A19_SY15_P01_B10_01DBS.mp4,N1,normal,0,179,AIHub
C021_A19_SY15_P01_B10_01DBS.mp4,A19,action,1720,3299,AIHub
C021_A19_SY15_P01_B10_01DBS.mp4,N1,normal,3300,3597,AIHub
C021_A19_SY16_P07_B06_01DAS.mp4,N1,normal,0,219,AIHub
C021_A19_SY16_P07_B06_01DAS.mp4,A19,action,1580,3319,AIHub
C021_A19_SY16_P07_B06_01DAS.mp4,N1,normal,3320,3597,AIHub
C021_A20_SY32_P01_S05_02DAS.mp4,N1,normal,0,314,AIHub
C021_A20_SY32_P01_S05_02DAS.mp4,A20,action,1882,3429,AIHub
C021_A20_SY32_P01_S05_02DAS.mp4,N1,normal,3430,3597,AIHub
C021_A20_SY15_P01_S05_02DAS.mp4,N1,normal,0,149,AIHub
C021_A20_SY15_P01_S05_02DAS.mp4,A20,action,1717,3339,AIHub
C021_A20_SY15_P01_S05_02DAS.mp4,N1,normal,3340,3597,AIHub
C021_A20_SY15_P07_B10_01DBS.mp4,N1,normal,0,369,AIHub
C021_A20_SY15_P07_B10_01DBS.mp4,A20,action,1880,3429,AIHub
C021_A20_SY15_P07_B10_01DBS.mp4,N1,normal,3430,3597,AIHub
C021_A20_SY16_P07_S07_01DBS.mp4,N1,normal,0,490,AIHub
C021_A20_SY16_P07_S07_01DBS.mp4,A20,action,1916,3509,AIHub
C021_A20_SY16_P07_S07_01DBS.mp4,N1,normal,3510,3597,AIHub
C021_A17_SY15_P07_S13_01NAS.mp4,N1,normal,0,360,AIHub
C021_A17_SY15_P07_S13_01NAS.mp4,A17,action,1895,3473,AIHub
C021_A17_SY15_P07_S13_01NAS.mp4,N1,normal,3474,3600,AIHub
C021_A20_SY16_P01_S11_02DBS.mp4,N1,normal,0,299,AIHub
C021_A20_SY16_P01_S11_02DBS.mp4,A20,action,1814,3299,AIHub
C021_A20_SY16_P01_S11_02DBS.mp4,N1,normal,3300,3597,AIHub
C021_A20_SY15_P01_S07_01DBS.mp4,N1,normal,0,274,AIHub
C021_A20_SY15_P01_S07_01DBS.mp4,A20,action,1880,3407,AIHub
C021_A20_SY15_P01_S07_01DBS.mp4,N1,normal,3408,3597,AIHub
C021_A18_SY15_P01_S10_02DBS.mp4,N1,normal,0,299,AIHub
C021_A18_SY15_P01_S10_02DBS.mp4,A18,action,1700,3339,AIHub
C021_A18_SY15_P01_S10_02DBS.mp4,N1,normal,3340,3597,AIHub
C021_A18_SY15_P07_S03_03DAS.mp4,N1,normal,0,399,AIHub
C021_A18_SY15_P07_S03_03DAS.mp4,A18,action,1850,3149,AIHub
C021_A18_SY15_P07_S03_03DAS.mp4,N1,normal,3150,3597,AIHub
C021_A20_SY16_P07_S07_01DAS.mp4,N1,normal,0,327,AIHub
C021_A20_SY16_P07_S07_01DAS.mp4,A20,action,1745,3349,AIHub
C021_A20_SY16_P07_S07_01DAS.mp4,N1,normal,3350,3597,AIHub
C021_A20_SY15_P07_B09_01DAS.mp4,N1,normal,0,229,AIHub
C021_A20_SY15_P07_B09_01DAS.mp4,A20,action,1800,3299,AIHub
C021_A20_SY15_P07_B09_01DAS.mp4,N1,normal,3300,3597,AIHub
C021_A18_SY16_P01_S11_01DBS.mp4,N1,normal,0,299,AIHub
C021_A18_SY16_P01_S11_01DBS.mp4,A18,action,1817,3299,AIHub
C021_A18_SY16_P01_S11_01DBS.mp4,N1,normal,3300,3597,AIHub
C021_A18_SY15_P01_S06_01DBS.mp4,N1,normal,0,49,AIHub
C021_A18_SY15_P01_S06_01DBS.mp4,A18,action,1700,3259,AIHub
C021_A18_SY15_P01_S06_01DBS.mp4,N1,normal,3260,3597,AIHub
C021_A18_SY16_P07_S12_01NAS.mp4,N1,normal,0,252,AIHub
C021_A18_SY16_P07_S12_01NAS.mp4,A18,action,1782,3424,AIHub
C021_A18_SY16_P07_S12_01NAS.mp4,N1,normal,3425,3600,AIHub
C021_A21_SY15_P07_B08_01DBS.mp4,N1,normal,0,349,AIHub
C021_A21_SY15_P07_B08_01DBS.mp4,A21,action,1810,3349,AIHub
C021_A21_SY15_P07_B08_01DBS.mp4,N1,normal,3350,3597,AIHub
C021_A19_SY15_P07_B06_02DBS.mp4,N1,normal,0,299,AIHub
C021_A19_SY15_P07_B06_02DBS.mp4,A19,action,1770,3299,AIHub
C021_A19_SY15_P07_B06_02DBS.mp4,N1,normal,3300,3597,AIHub
C021_A21_SY32_P01_S06_01DAS.mp4,N1,normal,0,335,AIHub
C021_A21_SY32_P01_S06_01DAS.mp4,A21,action,1840,3439,AIHub
C021_A21_SY32_P01_S06_01DAS.mp4,N1,normal,3440,3597,AIHub
C021_A20_SY15_P07_B02_02DBS.mp4,N1,normal,0,299,AIHub
C021_A20_SY15_P07_B02_02DBS.mp4,A20,action,1760,3399,AIHub
C021_A20_SY15_P07_B02_02DBS.mp4,N1,normal,3400,3598,AIHub
C021_A21_SY16_P07_B03_02DAS.mp4,A17,action,1700,3299,AIHub
C021_A21_SY16_P07_B03_02DAS.mp4,N1,normal,3300,3597,AIHub
C021_A19_SY15_P07_B09_02DBS.mp4,N1,normal,0,299,AIHub
C021_A19_SY15_P07_B09_02DBS.mp4,A19,action,1810,3299,AIHub
C021_A19_SY15_P07_B09_02DBS.mp4,N1,normal,3300,3597,AIHub
C021_A20_SY16_P01_S03_02NAS.mp4,N1,normal,0,230,AIHub
C021_A20_SY16_P01_S03_02NAS.mp4,A20,action,1691,3200,AIHub
C021_A20_SY16_P01_S03_02NAS.mp4,N1,normal,3201,3597,AIHub
C021_A21_SY16_P07_B11_01NAS.mp4,N1,normal,0,199,AIHub
C021_A21_SY16_P07_B11_01NAS.mp4,A21,action,1690,3259,AIHub
C021_A21_SY16_P07_B11_01NAS.mp4,N1,normal,3260,3601,AIHub
C021_A18_SY16_P01_S08_01DBS.mp4,N1,normal,0,299,AIHub
C021_A18_SY16_P01_S08_01DBS.mp4,A18,action,1861,3299,AIHub
C021_A18_SY16_P01_S08_01DBS.mp4,N1,normal,3300,3597,AIHub
C021_A18_SY16_P01_S04_02DAS.mp4,N1,normal,0,550,AIHub
C021_A18_SY16_P01_S04_02DAS.mp4,A18,action,1971,3480,AIHub
C021_A18_SY16_P01_S04_02DAS.mp4,N1,normal,3481,3597,AIHub
C021_A18_SY16_P07_S11_03NAS.mp4,N1,normal,0,292,AIHub
C021_A18_SY16_P07_S11_03NAS.mp4,A18,action,1777,3552,AIHub
C021_A18_SY16_P07_S11_03NAS.mp4,N1,normal,3553,3600,AIHub
C021_A18_SY15_P07_S07_02DBS.mp4,N1,normal,0,338,AIHub
C021_A18_SY15_P07_S07_02DBS.mp4,A18,action,1909,3364,AIHub
C021_A18_SY15_P07_S07_02DBS.mp4,N1,normal,3365,3597,AIHub
C021_A21_SY17_P01_S01_01DAS.mp4,N1,normal,0,400,AIHub
C021_A21_SY17_P01_S01_01DAS.mp4,A21,action,1832,3335,AIHub
C021_A21_SY17_P01_S01_01DAS.mp4,N1,normal,3336,3597,AIHub
C021_A19_SY17_P07_S02_01DAS.mp4,N1,normal,0,299,AIHub
C021_A19_SY17_P07_S02_01DAS.mp4,A19,action,1800,3596,AIHub
C021_A20_SY32_P01_S08_02DAS.mp4,N1,normal,0,211,AIHub
C021_A20_SY32_P01_S08_02DAS.mp4,A20,action,1688,3319,AIHub
C021_A20_SY32_P01_S08_02DAS.mp4,N1,normal,3320,3597,AIHub
C021_A21_SY15_P01_B10_01DBS.mp4,N1,normal,0,259,AIHub
C021_A21_SY15_P01_B10_01DBS.mp4,A21,action,1800,3379,AIHub
C021_A21_SY15_P01_B10_01DBS.mp4,N1,normal,3380,3597,AIHub
C021_A19_SY16_P01_S02_01DBS.mp4,N1,normal,0,339,AIHub
C021_A19_SY16_P01_S02_01DBS.mp4,A19,action,1850,3419,AIHub
C021_A19_SY16_P01_S02_01DBS.mp4,N1,normal,3420,3597,AIHub
C021_A18_SY15_P07_S08_01DAS.mp4,N1,normal,0,299,AIHub
C021_A18_SY15_P07_S08_01DAS.mp4,A18,action,1800,3349,AIHub
C021_A18_SY15_P07_S08_01DAS.mp4,N1,normal,3350,3597,AIHub
C021_A19_SY17_P01_S01_01DAS.mp4,N1,normal,0,199,AIHub
C021_A19_SY17_P01_S01_01DAS.mp4,A19,action,1650,3299,AIHub
C021_A19_SY17_P01_S01_01DAS.mp4,N1,normal,3300,3597,AIHub
C021_A21_SY15_P07_B02_01DBS.mp4,N1,normal,0,99,AIHub
C021_A21_SY15_P07_B02_01DBS.mp4,A21,action,2000,3459,AIHub
C021_A21_SY15_P07_B02_01DBS.mp4,N1,normal,3460,3597,AIHub
C021_A18_SY16_P01_S03_02NBS.mp4,N1,normal,0,300,AIHub
C021_A18_SY16_P01_S03_02NBS.mp4,A18,action,1801,3299,AIHub
C021_A18_SY16_P01_S03_02NBS.mp4,N1,normal,3300,3597,AIHub
C021_A21_SY15_P01_B01_01DAS.mp4,N1,normal,0,169,AIHub
C021_A21_SY15_P01_B01_01DAS.mp4,A21,action,1670,3169,AIHub
C021_A21_SY15_P01_B01_01DAS.mp4,N1,normal,3170,3597,AIHub
C021_A19_SY16_P01_B09_01DAS.mp4,N1,normal,0,259,AIHub
C021_A19_SY16_P01_B09_01DAS.mp4,A19,action,1790,3399,AIHub
C021_A19_SY16_P01_B09_01DAS.mp4,N1,normal,3400,3597,AIHub
C021_A20_SY15_P01_S05_01DAS.mp4,N1,normal,0,299,AIHub
C021_A20_SY15_P01_S05_01DAS.mp4,A20,action,1850,3384,AIHub
C021_A20_SY15_P01_S05_01DAS.mp4,N1,normal,3385,3597,AIHub
C021_A20_SY15_P07_B14_02DBS.mp4,N1,normal,0,219,AIHub
C021_A20_SY15_P07_B14_02DBS.mp4,A20,action,1740,3339,AIHub
C021_A20_SY15_P07_B14_02DBS.mp4,N1,normal,3340,3600,AIHub
C021_A19_SY15_P01_B01_01DAS.mp4,A19,action,1950,3399,AIHub
C021_A19_SY15_P01_B01_01DAS.mp4,N1,normal,3400,3597,AIHub
C021_A18_SY16_P01_S03_01NAS.mp4,N1,normal,0,410,AIHub
C021_A18_SY16_P01_S03_01NAS.mp4,A18,action,1901,3360,AIHub
C021_A18_SY16_P01_S03_01NAS.mp4,N1,normal,3361,3597,AIHub
C021_A19_SY15_P07_B11_02NAS.mp4,N1,normal,0,229,AIHub
C021_A19_SY15_P07_B11_02NAS.mp4,A19,action,1780,3329,AIHub
C021_A19_SY15_P07_B11_02NAS.mp4,N1,normal,3330,3597,AIHub
C021_A17_SY15_P01_S08_01DAS.mp4,N1,normal,0,269,AIHub
C021_A17_SY15_P01_S08_01DAS.mp4,A17,action,1730,3429,AIHub
C021_A17_SY15_P01_S08_01DAS.mp4,N1,normal,3430,3597,AIHub
C021_A20_SY16_P01_S01_02DBS.mp4,N1,normal,0,210,AIHub
C021_A20_SY16_P01_S01_02DBS.mp4,A20,action,1651,3170,AIHub
C021_A20_SY16_P01_S01_02DBS.mp4,N1,normal,3171,3597,AIHub
C021_A18_SY15_P07_S02_02DBS.mp4,N1,normal,0,249,AIHub
C021_A18_SY15_P07_S02_02DBS.mp4,A18,action,1750,3349,AIHub
C021_A18_SY15_P07_S02_02DBS.mp4,N1,normal,3350,3597,AIHub
C021_A21_SY16_P07_S14_01DAS.mp4,N1,normal,0,169,AIHub
C021_A21_SY16_P07_S14_01DAS.mp4,A21,action,1650,3299,AIHub
C021_A21_SY16_P07_S14_01DAS.mp4,N1,normal,3300,3600,AIHub
C021_A20_SY32_P01_S07_02DBS.mp4,N1,normal,0,184,AIHub
C021_A20_SY32_P01_S07_02DBS.mp4,A20,action,1706,3306,AIHub
C021_A20_SY32_P01_S07_02DBS.mp4,N1,normal,3307,3597,AIHub
C021_A18_SY16_P01_S04_01DBS.mp4,N1,normal,0,310,AIHub
C021_A18_SY16_P01_S04_01DBS.mp4,A18,action,1841,3330,AIHub
C021_A18_SY16_P01_S04_01DBS.mp4,N1,normal,3331,3597,AIHub
C021_A19_SY15_P01_B06_01DBS.mp4,N1,normal,0,299,AIHub
C021_A19_SY15_P01_B06_01DBS.mp4,A19,action,1895,3479,AIHub
C021_A19_SY15_P01_B06_01DBS.mp4,N1,normal,3480,3597,AIHub
C021_A21_SY16_P07_B06_01DBS.mp4,N1,normal,0,309,AIHub
C021_A21_SY16_P07_B06_01DBS.mp4,A21,action,1820,3339,AIHub
C021_A21_SY16_P07_B06_01DBS.mp4,N1,normal,3340,3598,AIHub
C021_A20_SY16_P01_S09_02DBS.mp4,N1,normal,0,299,AIHub
C021_A20_SY16_P01_S09_02DBS.mp4,A20,action,1824,3299,AIHub
C021_A20_SY16_P01_S09_02DBS.mp4,N1,normal,3300,3597,AIHub
C021_A19_SY16_P07_B09_01DAS.mp4,N1,normal,0,239,AIHub
C021_A19_SY16_P07_B09_01DAS.mp4,A19,action,1780,3409,AIHub
C021_A19_SY16_P07_B09_01DAS.mp4,N1,normal,3410,3597,AIHub
C021_A19_SY16_P01_S04_01DAS.mp4,N1,normal,0,299,AIHub
C021_A19_SY16_P01_S04_01DAS.mp4,A19,action,1760,3369,AIHub
C021_A19_SY16_P01_S04_01DAS.mp4,N1,normal,3370,3597,AIHub
C021_A18_SY16_P07_S02_01DBS.mp4,N1,normal,0,400,AIHub
C021_A18_SY16_P07_S02_01DBS.mp4,A18,action,1881,3380,AIHub
C021_A18_SY16_P07_S02_01DBS.mp4,N1,normal,3381,3597,AIHub
C021_A17_SY15_P01_S04_01DAS.mp4,N1,normal,0,308,AIHub
C021_A17_SY15_P01_S04_01DAS.mp4,A17,action,1751,3275,AIHub
C021_A17_SY15_P01_S04_01DAS.mp4,N1,normal,3276,3597,AIHub
C021_A18_SY16_P07_S13_02NBS.mp4,N1,normal,0,179,AIHub
C021_A18_SY16_P07_S13_02NBS.mp4,A18,action,1825,3379,AIHub
C021_A18_SY16_P07_S13_02NBS.mp4,N1,normal,3380,3600,AIHub
C021_A21_SY15_P01_B13_01NAS.mp4,A21,action,1550,3119,AIHub
C021_A21_SY15_P01_B13_01NAS.mp4,N1,normal,3120,3608,AIHub
C021_A20_SY15_P07_B01_01DBS.mp4,N1,normal,0,379,AIHub
C021_A20_SY15_P07_B01_01DBS.mp4,A20,action,1980,3449,AIHub
C021_A20_SY15_P07_B01_01DBS.mp4,N1,normal,3450,3598,AIHub
C021_A20_SY15_P07_B08_02DAS.mp4,N1,normal,0,229,AIHub
C021_A20_SY15_P07_B08_02DAS.mp4,A20,action,1700,3249,AIHub
C021_A20_SY15_P07_B08_02DAS.mp4,N1,normal,3250,3597,AIHub
C021_A21_SY17_P07_S02_01DAS.mp4,N1,normal,0,391,AIHub
C021_A21_SY17_P07_S02_01DAS.mp4,A21,action,1935,3370,AIHub
C021_A21_SY17_P07_S02_01DAS.mp4,N1,normal,3371,3596,AIHub
C021_A21_SY15_P01_B01_01DBS.mp4,N1,normal,0,349,AIHub
C021_A21_SY15_P01_B01_01DBS.mp4,A21,action,1850,3349,AIHub
C021_A21_SY15_P01_B01_01DBS.mp4,N1,normal,3350,3597,AIHub
C021_A18_SY15_P01_S10_01DAS.mp4,N1,normal,0,249,AIHub
C021_A18_SY15_P01_S10_01DAS.mp4,A18,action,2050,3369,AIHub
C021_A18_SY15_P01_S10_01DAS.mp4,N1,normal,3370,3597,AIHub
C021_A21_SY16_P07_B08_01DAS.mp4,N1,normal,0,299,AIHub
C021_A21_SY16_P07_B08_01DAS.mp4,A21,action,1750,3329,AIHub
C021_A21_SY16_P07_B08_01DAS.mp4,N1,normal,3330,3597,AIHub
C021_A20_SY15_P07_B13_02NBS.mp4,N1,normal,0,179,AIHub
C021_A20_SY15_P07_B13_02NBS.mp4,A20,action,1680,3279,AIHub
C021_A20_SY15_P07_B13_02NBS.mp4,N1,normal,3280,3600,AIHub
C021_A18_SY15_P07_S13_03NAS.mp4,N1,normal,0,133,AIHub
C021_A18_SY15_P07_S13_03NAS.mp4,A18,action,1667,3385,AIHub
C021_A18_SY15_P07_S13_03NAS.mp4,N1,normal,3386,3600,AIHub
C021_A21_SY32_P01_S05_01DAS.mp4,N1,normal,0,317,AIHub
C021_A21_SY32_P01_S05_01DAS.mp4,A21,action,1851,3382,AIHub
C021_A21_SY32_P01_S05_01DAS.mp4,N1,normal,3383,3597,AIHub
C021_A18_SY16_P07_S07_02DAS.mp4,N1,normal,0,415,AIHub
C021_A18_SY16_P07_S07_02DAS.mp4,A18,action,1879,3361,AIHub
C021_A18_SY16_P07_S07_02DAS.mp4,N1,normal,3362,3597,AIHub
C021_A18_SY15_P07_S10_03DAS.mp4,N1,normal,0,299,AIHub
C021_A18_SY15_P07_S10_03DAS.mp4,A18,action,1750,3419,AIHub
C021_A18_SY15_P07_S10_03DAS.mp4,N1,normal,3420,3597,AIHub
C021_A19_SY16_P07_S07_01DBS.mp4,N1,normal,0,299,AIHub
C021_A19_SY16_P07_S07_01DBS.mp4,A19,action,1822,3358,AIHub
C021_A19_SY16_P07_S07_01DBS.mp4,N1,normal,3359,3597,AIHub
C021_A18_SY15_P07_S02_02DAS.mp4,N1,normal,0,299,AIHub
C021_A18_SY15_P07_S02_02DAS.mp4,A18,action,1650,3249,AIHub
C021_A18_SY15_P07_S02_02DAS.mp4,N1,normal,3250,3596,AIHub
C021_A20_SY16_P01_S08_02DAS.mp4,N1,normal,0,299,AIHub
C021_A20_SY16_P01_S08_02DAS.mp4,A20,action,1851,3299,AIHub
C021_A20_SY16_P01_S08_02DAS.mp4,N1,normal,3300,3597,AIHub
C021_A20_SY15_P01_S02_01DAS.mp4,N1,normal,0,399,AIHub
C021_A20_SY15_P01_S02_01DAS.mp4,A20,action,1900,3399,AIHub
C021_A20_SY15_P01_S02_01DAS.mp4,N1,normal,3400,3597,AIHub
C021_A20_SY17_P07_S01_01DAS.mp4,N1,normal,0,469,AIHub
C021_A20_SY17_P07_S01_01DAS.mp4,A20,action,1942,3409,AIHub
C021_A20_SY17_P07_S01_01DAS.mp4,N1,normal,3410,3596,AIHub
C021_A17_SY15_P01_S03_01NAS.mp4,N1,normal,0,299,AIHub
C021_A17_SY15_P01_S03_01NAS.mp4,A17,action,1700,3299,AIHub
C021_A17_SY15_P01_S03_01NAS.mp4,N1,normal,3300,3597,AIHub
C021_A21_SY15_P01_B11_01DAS.mp4,N1,normal,0,239,AIHub
C021_A21_SY15_P01_B11_01DAS.mp4,A21,action,1850,3349,AIHub
C021_A21_SY15_P01_B11_01DAS.mp4,N1,normal,3350,3597,AIHub
C021_A21_SY17_P01_S01_01DBS.mp4,N1,normal,0,199,AIHub
C021_A21_SY17_P01_S01_01DBS.mp4,A21,action,1700,3199,AIHub
C021_A21_SY17_P01_S01_01DBS.mp4,N1,normal,3200,3597,AIHub
C021_A20_SY15_P01_S06_02DAS.mp4,N1,normal,0,269,AIHub
C021_A20_SY15_P01_S06_02DAS.mp4,A20,action,1800,3394,AIHub
C021_A20_SY15_P01_S06_02DAS.mp4,N1,normal,3395,3597,AIHub
C021_A18_SY15_P01_S06_02DBS.mp4,N1,normal,0,99,AIHub
C021_A18_SY15_P01_S06_02DBS.mp4,A18,action,1650,3399,AIHub
C021_A18_SY15_P01_S06_02DBS.mp4,N1,normal,3400,3597,AIHub
C021_A20_SY17_P07_S07_01DAS.mp4,N1,normal,0,336,AIHub
C021_A20_SY17_P07_S07_01DAS.mp4,A20,action,1855,3455,AIHub
C021_A20_SY17_P07_S07_01DAS.mp4,N1,normal,3456,3597,AIHub
C021_A18_SY16_P01_S12_01NBS.mp4,N1,normal,0,228,AIHub
C021_A18_SY16_P01_S12_01NBS.mp4,A18,action,1665,3243,AIHub
C021_A18_SY16_P01_S12_01NBS.mp4,N1,normal,3244,3597,AIHub
C021_A20_SY16_P07_S08_01DAS.mp4,N1,normal,0,299,AIHub
C021_A20_SY16_P07_S08_01DAS.mp4,A20,action,1678,3299,AIHub
C021_A20_SY16_P07_S08_01DAS.mp4,N1,normal,3300,3597,AIHub
C021_A18_SY16_P01_S06_01DBS.mp4,N1,normal,0,299,AIHub
C021_A18_SY16_P01_S06_01DBS.mp4,A18,action,1949,3299,AIHub
C021_A18_SY16_P01_S06_01DBS.mp4,N1,normal,3300,3597,AIHub
C021_A17_SY15_P01_S11_01DBS.mp4,N1,normal,0,229,AIHub
C021_A17_SY15_P01_S11_01DBS.mp4,A17,action,1700,3349,AIHub
C021_A17_SY15_P01_S11_01DBS.mp4,N1,normal,3350,3597,AIHub
C021_A21_SY17_P07_S03_01DBS.mp4,N1,normal,0,359,AIHub
C021_A21_SY17_P07_S03_01DBS.mp4,A21,action,1837,3330,AIHub
C021_A21_SY17_P07_S03_01DBS.mp4,N1,normal,3331,3597,AIHub
C021_A20_SY16_P07_S02_01DAS.mp4,N1,normal,0,350,AIHub
C021_A20_SY16_P07_S02_01DAS.mp4,A20,action,2101,3300,AIHub
C021_A20_SY16_P07_S02_01DAS.mp4,N1,normal,3301,3596,AIHub
C021_A21_SY15_P07_B03_01DAS.mp4,N1,normal,0,109,AIHub
C021_A21_SY15_P07_B03_01DAS.mp4,A21,action,1900,3399,AIHub
C021_A21_SY15_P07_B03_01DAS.mp4,N1,normal,3400,3597,AIHub
C021_A18_SY15_P07_S13_02NBS.mp4,N1,normal,0,138,AIHub
C021_A18_SY15_P07_S13_02NBS.mp4,A18,action,1748,3415,AIHub
C021_A18_SY15_P07_S13_02NBS.mp4,N1,normal,3416,3600,AIHub
C021_A20_SY15_P01_B02_02DBS.mp4,N01,normal,0,199,AIHub
C021_A20_SY15_P01_B02_02DBS.mp4,A20,action,1650,3219,AIHub
C021_A20_SY15_P01_B02_02DBS.mp4,N1,normal,3220,3597,AIHub
C021_A20_SY16_P01_S02_02DBS.mp4,N1,normal,0,290,AIHub
C021_A20_SY16_P01_S02_02DBS.mp4,A20,action,1921,3380,AIHub
C021_A20_SY16_P01_S02_02DBS.mp4,N1,normal,3381,3597,AIHub
C021_A18_SY16_P07_S13_01NAS.mp4,N1,normal,0,202,AIHub
C021_A18_SY16_P07_S13_01NAS.mp4,A18,action,1645,3225,AIHub
C021_A18_SY16_P07_S13_01NAS.mp4,N1,normal,3226,3600,AIHub
C021_A20_SY15_P07_B02_02DAS.mp4,N1,normal,0,349,AIHub
C021_A20_SY15_P07_B02_02DAS.mp4,A20,action,1800,3459,AIHub
C021_A20_SY15_P07_B02_02DAS.mp4,N01,normal,3460,3596,AIHub
C021_A18_SY15_P07_S03_01DAS.mp4,N1,normal,0,299,AIHub
C021_A18_SY15_P07_S03_01DAS.mp4,A18,action,1800,3399,AIHub
C021_A18_SY15_P07_S03_01DAS.mp4,N1,normal,3400,3597,AIHub
C021_A19_SY15_P01_B09_01DAS.mp4,N1,normal,0,299,AIHub
C021_A19_SY15_P01_B09_01DAS.mp4,A19,action,1820,3449,AIHub
C021_A19_SY15_P01_B09_01DAS.mp4,N1,normal,3450,3597,AIHub
C021_A18_SY15_P07_S14_01DBS.mp4,N1,normal,0,338,AIHub
C021_A18_SY15_P07_S14_01DBS.mp4,A18,action,1906,3381,AIHub
C021_A18_SY15_P07_S14_01DBS.mp4,N1,normal,3382,3600,AIHub
C021_A19_SY15_P01_B08_01DAS.mp4,N1,normal,0,299,AIHub
C021_A19_SY15_P01_B08_01DAS.mp4,A19,action,1766,3399,AIHub
C021_A19_SY15_P01_B08_01DAS.mp4,N1,normal,3400,3597,AIHub
C021_A20_SY17_P07_S06_02DBS.mp4,N1,normal,0,321,AIHub
C021_A20_SY17_P07_S06_02DBS.mp4,A20,action,1816,3316,AIHub
C021_A20_SY17_P07_S06_02DBS.mp4,N1,normal,3317,3597,AIHub
C021_A20_SY16_P07_S10_01DBS.mp4,N1,normal,0,299,AIHub
C021_A20_SY16_P07_S10_01DBS.mp4,A20,action,1888,3299,AIHub
C021_A20_SY16_P07_S10_01DBS.mp4,N1,normal,3300,3597,AIHub
C021_A21_SY16_P07_S14_01DBS.mp4,N1,normal,0,309,AIHub
C021_A21_SY16_P07_S14_01DBS.mp4,A21,action,1745,3389,AIHub
C021_A21_SY16_P07_S14_01DBS.mp4,N1,normal,3390,3600,AIHub
C021_A19_SY17_P01_S01_01DBS.mp4,N1,normal,0,300,AIHub
C021_A19_SY17_P01_S01_01DBS.mp4,A19,action,1801,3300,AIHub
C021_A19_SY17_P01_S01_01DBS.mp4,N1,normal,3301,3597,AIHub
C021_A17_SY16_P01_S01_01DAS.mp4,N1,normal,0,349,AIHub
C021_A17_SY16_P01_S01_01DAS.mp4,A17,action,1850,3299,AIHub
C021_A17_SY16_P01_S01_01DAS.mp4,N1,normal,3300,3597,AIHub
C021_A20_SY15_P07_B12_02NAS.mp4,N1,normal,0,219,AIHub
C021_A20_SY15_P07_B12_02NAS.mp4,A20,action,1780,3279,AIHub
C021_A20_SY15_P07_B12_02NAS.mp4,N1,normal,3280,3601,AIHub
C021_A20_SY16_P01_S10_02DBS.mp4,N1,normal,0,299,AIHub
C021_A20_SY16_P01_S10_02DBS.mp4,A20,action,1936,3299,AIHub
C021_A20_SY16_P01_S10_02DBS.mp4,N1,normal,3300,3597,AIHub
C021_A20_SY17_P07_S06_01DAS.mp4,N1,normal,0,381,AIHub
C021_A20_SY17_P07_S06_01DAS.mp4,A20,action,1813,3343,AIHub
C021_A20_SY17_P07_S06_01DAS.mp4,N1,normal,3344,3597,AIHub
C021_A18_SY15_P01_S13_01NAS.mp4,N1,normal,0,414,AIHub
C021_A18_SY15_P01_S13_01NAS.mp4,A18,action,1923,3499,AIHub
C021_A18_SY15_P01_S13_01NAS.mp4,N1,normal,3500,3603,AIHub
C021_A17_SY15_P07_S08_01DAS.mp4,N1,normal,0,269,AIHub
C021_A17_SY15_P07_S08_01DAS.mp4,A17,action,1700,3299,AIHub
C021_A17_SY15_P07_S08_01DAS.mp4,N1,normal,3300,3597,AIHub
C021_A19_SY16_P07_B06_01DBS.mp4,A19,action,1400,3199,AIHub
C021_A19_SY16_P07_B06_01DBS.mp4,N1,normal,3200,3597,AIHub
C021_A20_SY16_P07_S11_01DAS.mp4,N1,normal,0,299,AIHub
C021_A20_SY16_P07_S11_01DAS.mp4,A20,action,1920,3299,AIHub
C021_A20_SY16_P07_S11_01DAS.mp4,N1,normal,3300,3600,AIHub
C021_A20_SY16_P07_S10_01DAS.mp4,N1,normal,0,299,AIHub
C021_A20_SY16_P07_S10_01DAS.mp4,A20,action,1946,3299,AIHub
C021_A20_SY16_P07_S10_01DAS.mp4,N1,normal,3300,3597,AIHub
C021_A21_SY16_P07_S12_01NBS.mp4,N1,normal,0,189,AIHub
C021_A21_SY16_P07_S12_01NBS.mp4,A21,action,1700,3329,AIHub
C021_A21_SY16_P07_S12_01NBS.mp4,N1,normal,3330,3600,AIHub
C021_A20_SY15_P01_B09_01DBS.mp4,N1,normal,0,249,AIHub
C021_A20_SY15_P01_B09_01DBS.mp4,A20,action,1750,3369,AIHub
C021_A20_SY15_P01_B09_01DBS.mp4,N1,normal,3370,3597,AIHub
C021_A18_SY16_P07_S07_02DBS.mp4,N1,normal,0,375,AIHub
C021_A18_SY16_P07_S07_02DBS.mp4,A18,action,1860,3341,AIHub
C021_A18_SY16_P07_S07_02DBS.mp4,N1,normal,3342,3597,AIHub
C021_A18_SY16_P07_S10_03DBS.mp4,N1,normal,0,327,AIHub
C021_A18_SY16_P07_S10_03DBS.mp4,A18,action,1801,3399,AIHub
C021_A18_SY16_P07_S10_03DBS.mp4,N1,normal,3400,3597,AIHub
C021_A21_SY16_P07_B08_01DBS.mp4,N1,normal,0,299,AIHub
C021_A21_SY16_P07_B08_01DBS.mp4,A21,action,1780,3349,AIHub
C021_A21_SY16_P07_B08_01DBS.mp4,N1,normal,3350,3597,AIHub
C021_A20_SY17_P07_S01_01DBS.mp4,N1,normal,0,666,AIHub
C021_A20_SY17_P07_S01_01DBS.mp4,A20,action,2036,3469,AIHub
C021_A20_SY17_P07_S01_01DBS.mp4,N1,normal,3470,3597,AIHub
C021_A19_SY16_P01_B08_01DBS.mp4,N1,normal,0,199,AIHub
C021_A19_SY16_P01_B08_01DBS.mp4,A19,action,1710,3349,AIHub
C021_A19_SY16_P01_B08_01DBS.mp4,N1,normal,3350,3597,AIHub
C021_A18_SY16_P07_S06_01DAS.mp4,N1,normal,0,314,AIHub
C021_A18_SY16_P07_S06_01DAS.mp4,A18,action,1780,3323,AIHub
C021_A18_SY16_P07_S06_01DAS.mp4,N1,normal,3324,3597,AIHub
C021_A18_SY15_P07_S11_02NAS.mp4,N1,normal,0,330,AIHub
C021_A18_SY15_P07_S11_02NAS.mp4,A18,action,1754,3337,AIHub
C021_A18_SY15_P07_S11_02NAS.mp4,N1,normal,3338,3600,AIHub
C021_A18_SY16_P01_S08_02DAS.mp4,N1,normal,0,299,AIHub
C021_A18_SY16_P01_S08_02DAS.mp4,A18,action,1756,3299,AIHub
C021_A18_SY16_P01_S08_02DAS.mp4,N1,normal,3300,3597,AIHub
C021_A18_SY15_P07_S09_03DAS.mp4,N1,normal,0,238,AIHub
C021_A18_SY15_P07_S09_03DAS.mp4,A18,action,1680,3409,AIHub
C021_A18_SY15_P07_S09_03DAS.mp4,N1,normal,3410,3597,AIHub
C021_A17_SY15_P01_S02_01DBS.mp4,N1,normal,0,99,AIHub
C021_A17_SY15_P01_S02_01DBS.mp4,A17,action,1600,3099,AIHub
C021_A17_SY15_P01_S02_01DBS.mp4,N1,normal,3100,3597,AIHub
C021_A21_SY15_P01_B07_01DBS.mp4,N1,normal,0,299,AIHub
C021_A21_SY15_P01_B07_01DBS.mp4,A21,action,1800,3439,AIHub
C021_A21_SY15_P01_B07_01DBS.mp4,N1,normal,3440,3597,AIHub
C021_A19_SY15_P07_B08_02DBS.mp4,N1,normal,0,399,AIHub
C021_A19_SY15_P07_B08_02DBS.mp4,A19,action,1892,3469,AIHub
C021_A19_SY15_P07_B08_02DBS.mp4,N1,normal,3470,3597,AIHub
C021_A20_SY17_P07_S01_02DAS.mp4,N1,normal,0,666,AIHub
C021_A20_SY17_P07_S01_02DAS.mp4,A20,action,2036,3469,AIHub
C021_A20_SY17_P07_S01_02DAS.mp4,N1,normal,3470,3596,AIHub
C021_A18_SY17_P01_S01_02DAS.mp4,N1,normal,0,140,AIHub
C021_A18_SY17_P01_S01_02DAS.mp4,A18,action,1651,3170,AIHub
C021_A18_SY17_P01_S01_02DAS.mp4,N1,normal,3171,3597,AIHub
C021_A19_SY15_P01_S13_01NBS.mp4,N1,normal,0,311,AIHub
C021_A19_SY15_P01_S13_01NBS.mp4,A19,action,1838,3388,AIHub
C021_A19_SY15_P01_S13_01NBS.mp4,N1,normal,3389,3597,AIHub
C021_A18_SY16_P07_S03_02DAS.mp4,N1,normal,0,340,AIHub
C021_A18_SY16_P07_S03_02DAS.mp4,A18,action,1721,3550,AIHub
C021_A18_SY16_P07_S03_02DAS.mp4,N1,normal,3551,3597,AIHub
C021_A21_SY15_P07_S14_01DAS.mp4,N1,normal,0,359,AIHub
C021_A21_SY15_P07_S14_01DAS.mp4,A21,action,1840,3469,AIHub
C021_A21_SY15_P07_S14_01DAS.mp4,N1,normal,3470,3600,AIHub
C021_A20_SY17_P07_S06_01DBS.mp4,N1,normal,0,343,AIHub
C021_A20_SY17_P07_S06_01DBS.mp4,A20,action,1807,3312,AIHub
C021_A20_SY17_P07_S06_01DBS.mp4,N1,normal,3313,3597,AIHub
C021_A18_SY16_P07_S13_03NBS.mp4,N1,normal,0,228,AIHub
C021_A18_SY16_P07_S13_03NBS.mp4,A18,action,1729,3343,AIHub
C021_A18_SY16_P07_S13_03NBS.mp4,N1,normal,3344,3600,AIHub
C021_A20_SY15_P07_B07_01DBS.mp4,N1,normal,0,279,AIHub
C021_A20_SY15_P07_B07_01DBS.mp4,A20,action,1875,3349,AIHub
C021_A20_SY15_P07_B07_01DBS.mp4,N1,normal,3350,3598,AIHub
C021_A19_SY15_P01_B07_01DAS.mp4,N1,normal,0,299,AIHub
C021_A19_SY15_P01_B07_01DAS.mp4,A19,action,1760,3399,AIHub
C021_A19_SY15_P01_B07_01DAS.mp4,N1,normal,3400,3597,AIHub
C021_A18_SY15_P01_S03_01NBS.mp4,N1,normal,0,149,AIHub
C021_A18_SY15_P01_S03_01NBS.mp4,A18,action,1700,3249,AIHub
C021_A18_SY15_P01_S03_01NBS.mp4,N1,normal,3250,3597,AIHub
C021_A17_SY15_P01_S13_01NBS.mp4,N1,normal,0,364,AIHub
C021_A17_SY15_P01_S13_01NBS.mp4,A17,action,1707,3450,AIHub
C021_A17_SY15_P01_S13_01NBS.mp4,N1,normal,3451,3597,AIHub
C021_A19_SY15_P01_B01_01DBS.mp4,A19,action,1950,3399,AIHub
C021_A19_SY15_P01_B01_01DBS.mp4,N1,normal,3400,3597,AIHub
C021_A17_SY15_P01_S03_01NBS.mp4,N1,normal,0,299,AIHub
C021_A17_SY15_P01_S03_01NBS.mp4,A17,action,1700,3299,AIHub
C021_A17_SY15_P01_S03_01NBS.mp4,N1,normal,3300,3597,AIHub
C021_A18_SY15_P07_S08_03DAS.mp4,N1,normal,0,299,AIHub
C021_A18_SY15_P07_S08_03DAS.mp4,A18,action,1820,3299,AIHub
C021_A18_SY15_P07_S08_03DAS.mp4,N1,normal,3300,3597,AIHub
C021_A19_SY16_P07_B08_01DAS.mp4,N1,normal,0,219,AIHub
C021_A19_SY16_P07_B08_01DAS.mp4,A19,action,1570,3209,AIHub
C021_A19_SY16_P07_B08_01DAS.mp4,N1,normal,3210,3597,AIHub
C021_A18_SY15_P01_S01_02DBS.mp4,N1,normal,0,449,AIHub
C021_A18_SY15_P01_S01_02DBS.mp4,A18,action,1950,3499,AIHub
C021_A18_SY15_P01_S01_02DBS.mp4,N1,normal,3500,3597,AIHub
C021_A21_SY15_P07_B07_01DAS.mp4,N1,normal,0,179,AIHub
C021_A21_SY15_P07_B07_01DAS.mp4,A21,action,1814,3269,AIHub
C021_A21_SY15_P07_B07_01DAS.mp4,N1,normal,3270,3598,AIHub
C021_A17_SY15_P07_S03_01DBS.mp4,N1,normal,0,279,AIHub
C021_A17_SY15_P07_S03_01DBS.mp4,A17,action,1730,3499,AIHub
C021_A17_SY15_P07_S03_01DBS.mp4,N1,normal,3500,3597,AIHub
C021_A19_SY15_P07_B02_02DAS.mp4,N1,normal,0,349,AIHub
C021_A19_SY15_P07_B02_02DAS.mp4,A19,action,1850,3399,AIHub
C021_A19_SY15_P07_B02_02DAS.mp4,N01,normal,3400,3596,AIHub
C021_A21_SY16_P07_B07_02DBS.mp4,N0,normal,0,300,AIHub
C021_A21_SY16_P07_B07_02DBS.mp4,A21,action,1800,3300,AIHub
C021_A21_SY16_P07_B07_02DBS.mp4,N0,normal,3300,3598,AIHub
C021_A19_SY15_P01_B04_01DAS.mp4,N1,normal,0,209,AIHub
C021_A19_SY15_P01_B04_01DAS.mp4,A19,action,1710,3269,AIHub
C021_A19_SY15_P01_B04_01DAS.mp4,N1,normal,3270,3597,AIHub
C021_A21_SY15_P01_B06_01DAS.mp4,N1,normal,0,229,AIHub
C021_A21_SY15_P01_B06_01DAS.mp4,A21,action,1760,3299,AIHub
C021_A21_SY15_P01_B06_01DAS.mp4,N1,normal,3300,3597,AIHub
C021_A17_SY15_P07_S03_01DAS.mp4,N1,normal,0,349,AIHub
C021_A17_SY15_P07_S03_01DAS.mp4,A17,action,1800,3597,AIHub
C021_A17_SY15_P01_S06_01DBS.mp4,N1,normal,0,89,AIHub
C021_A17_SY15_P01_S06_01DBS.mp4,A17,action,1600,3199,AIHub
C021_A17_SY15_P01_S06_01DBS.mp4,N1,normal,3200,3597,AIHub
C021_A18_SY16_P07_S09_01DAS.mp4,N1,normal,0,351,AIHub
C021_A18_SY16_P07_S09_01DAS.mp4,A18,action,1825,3378,AIHub
C021_A18_SY16_P07_S09_01DAS.mp4,N1,normal,3379,3597,AIHub
C021_A18_SY15_P07_S01_02DBS.mp4,N1,normal,0,365,AIHub
C021_A18_SY15_P07_S01_02DBS.mp4,A18,action,1920,3306,AIHub
C021_A18_SY15_P07_S01_02DBS.mp4,N1,normal,3307,3596,AIHub
C021_A17_SY15_P01_S05_01DAS.mp4,N1,normal,0,309,AIHub
C021_A17_SY15_P01_S05_01DAS.mp4,A17,action,1800,3389,AIHub
C021_A17_SY15_P01_S05_01DAS.mp4,N1,normal,3390,3597,AIHub
C021_A18_SY16_P07_S10_02DBS.mp4,N1,normal,0,323,AIHub
C021_A18_SY16_P07_S10_02DBS.mp4,A18,action,1737,3408,AIHub
C021_A18_SY16_P07_S10_02DBS.mp4,N1,normal,3409,3597,AIHub
C021_A18_SY15_P07_S01_03DBS.mp4,N1,normal,0,310,AIHub
C021_A18_SY15_P07_S01_03DBS.mp4,A18,action,1907,3461,AIHub
C021_A18_SY15_P07_S01_03DBS.mp4,N1,normal,3462,3597,AIHub
C021_A18_SY15_P07_S12_01NAS.mp4,N1,normal,0,193,AIHub
C021_A18_SY15_P07_S12_01NAS.mp4,A18,action,1802,3464,AIHub
C021_A18_SY15_P07_S12_01NAS.mp4,N1,normal,3465,3600,AIHub
C021_A18_SY15_P07_S09_02DAS.mp4,N1,normal,0,329,AIHub
C021_A18_SY15_P07_S09_02DAS.mp4,A18,action,1800,3299,AIHub
C021_A18_SY15_P07_S09_02DAS.mp4,N1,normal,3300,3597,AIHub
C021_A20_SY16_P01_S05_02DBS.mp4,N1,normal,0,299,AIHub
C021_A20_SY16_P01_S05_02DBS.mp4,A20,action,1868,3299,AIHub
C021_A20_SY16_P01_S05_02DBS.mp4,N1,normal,3300,3597,AIHub
C021_A20_SY15_P07_S14_01DAS.mp4,N1,normal,0,289,AIHub
C021_A20_SY15_P07_S14_01DAS.mp4,A20,action,1780,3379,AIHub
C021_A20_SY15_P07_S14_01DAS.mp4,N1,normal,3380,3600,AIHub
C021_A20_SY16_P07_S14_01DAS.mp4,N1,normal,0,169,AIHub
C021_A20_SY16_P07_S14_01DAS.mp4,A20,action,1770,3339,AIHub
C021_A20_SY16_P07_S14_01DAS.mp4,N1,normal,3340,3600,AIHub
C021_A17_SY15_P01_S07_01DBS.mp4,N1,normal,0,149,AIHub
C021_A17_SY15_P01_S07_01DBS.mp4,A17,action,1650,3269,AIHub
C021_A17_SY15_P01_S07_01DBS.mp4,N1,normal,3270,3597,AIHub
C021_A19_SY15_P07_S02_02DBS.mp4,N1,normal,0,300,AIHub
C021_A19_SY15_P07_S02_02DBS.mp4,A19,action,1801,3300,AIHub
C021_A19_SY15_P07_S02_02DBS.mp4,N1,normal,3301,3597,AIHub
C021_A19_SY15_P07_B14_01DBS.mp4,N1,normal,0,219,AIHub
C021_A19_SY15_P07_B14_01DBS.mp4,A19,action,1720,3299,AIHub
C021_A19_SY15_P07_B14_01DBS.mp4,N1,normal,3300,3600,AIHub
C021_A18_SY16_P07_S02_01DAS.mp4,N1,normal,0,360,AIHub
C021_A18_SY16_P07_S02_01DAS.mp4,A18,action,1800,3299,AIHub
C021_A18_SY16_P07_S02_01DAS.mp4,N1,normal,3300,3596,AIHub
C021_A19_SY17_P07_S03_01DBS.mp4,N1,normal,0,399,AIHub
C021_A19_SY17_P07_S03_01DBS.mp4,A19,action,1900,3349,AIHub
C021_A19_SY17_P07_S03_01DBS.mp4,N1,normal,3350,3597,AIHub
C021_A21_SY15_P07_S14_01DBS.mp4,N1,normal,0,319,AIHub
C021_A21_SY15_P07_S14_01DBS.mp4,A21,action,1790,3409,AIHub
C021_A21_SY15_P07_S14_01DBS.mp4,N1,normal,3410,3600,AIHub
C021_A17_SY15_P01_S05_01DBS.mp4,N1,normal,0,339,AIHub
C021_A17_SY15_P01_S05_01DBS.mp4,A17,action,1830,3379,AIHub
C021_A17_SY15_P01_S05_01DBS.mp4,N1,normal,3380,3597,AIHub
C021_A18_SY15_P07_B12_01NBS.mp4,N1,normal,0,247,AIHub
C021_A18_SY15_P07_B12_01NBS.mp4,A18,action,1869,3516,AIHub
C021_A18_SY15_P07_B12_01NBS.mp4,N1,normal,3517,3600,AIHub
C021_A19_SY16_P01_S12_01NAS.mp4,N1,normal,0,296,AIHub
C021_A19_SY16_P01_S12_01NAS.mp4,A19,action,1763,3379,AIHub
C021_A19_SY16_P01_S12_01NAS.mp4,N1,normal,3380,3603,AIHub
C021_A20_SY15_P01_B11_02DBS.mp4,N1,normal,0,229,AIHub
C021_A20_SY15_P01_B11_02DBS.mp4,A20,action,1700,3369,AIHub
C021_A20_SY15_P01_B11_02DBS.mp4,N1,normal,3370,3597,AIHub
C021_A18_SY16_P01_S03_02NAS.mp4,N1,normal,0,400,AIHub
C021_A18_SY16_P01_S03_02NAS.mp4,A18,action,1891,3360,AIHub
C021_A18_SY16_P01_S03_02NAS.mp4,N1,normal,3361,3597,AIHub
C021_A18_SY15_P01_S05_01DBS.mp4,N1,normal,0,329,AIHub
C021_A18_SY15_P01_S05_01DBS.mp4,A18,action,1960,3479,AIHub
C021_A18_SY15_P01_S05_01DBS.mp4,N1,normal,3480,3597,AIHub
C021_A18_SY16_P01_S13_02NBS.mp4,N1,normal,0,331,AIHub
C021_A18_SY16_P01_S13_02NBS.mp4,A18,action,1825,3441,AIHub
C021_A18_SY16_P01_S13_02NBS.mp4,N1,normal,3442,3597,AIHub
C021_A18_SY15_P07_S08_03DBS.mp4,N1,normal,0,299,AIHub
C021_A18_SY15_P07_S08_03DBS.mp4,A18,action,1850,3349,AIHub
C021_A18_SY15_P07_S08_03DBS.mp4,N1,normal,3350,3597,AIHub
C021_A18_SY15_P01_S08_02DBS.mp4,N1,normal,0,249,AIHub
C021_A18_SY15_P01_S08_02DBS.mp4,A18,action,1760,3399,AIHub
C021_A18_SY15_P01_S08_02DBS.mp4,N1,normal,3400,3597,AIHub
C021_A20_SY16_P01_S11_02DAS.mp4,N1,normal,0,299,AIHub
C021_A20_SY16_P01_S11_02DAS.mp4,A20,action,1729,3299,AIHub
C021_A20_SY16_P01_S11_02DAS.mp4,N1,normal,3300,3597,AIHub
C021_A18_SY16_P07_S01_02DBS.mp4,N1,normal,0,250,AIHub
C021_A18_SY16_P07_S01_02DBS.mp4,A18,action,1781,3230,AIHub
C021_A18_SY16_P07_S01_02DBS.mp4,N1,normal,3231,3597,AIHub
C021_A18_SY15_P01_S05_01DAS.mp4,N1,normal,0,299,AIHub
C021_A18_SY15_P01_S05_01DAS.mp4,A18,action,1920,3449,AIHub
C021_A18_SY15_P01_S05_01DAS.mp4,N1,normal,3450,3597,AIHub
C021_A19_SY15_P07_B01_02DAS.mp4,N1,normal,0,449,AIHub
C021_A19_SY15_P07_B01_02DAS.mp4,A19,action,2020,3499,AIHub
C021_A19_SY15_P07_B01_02DAS.mp4,N01,normal,3500,3596,AIHub
C021_A18_SY16_P01_S06_02DBS.mp4,N1,normal,0,299,AIHub
C021_A18_SY16_P01_S06_02DBS.mp4,A18,action,1834,3299,AIHub
C021_A18_SY16_P01_S06_02DBS.mp4,N1,normal,3300,3597,AIHub
C021_A20_SY16_P01_S13_02NBS.mp4,N1,normal,0,309,AIHub
C021_A20_SY16_P01_S13_02NBS.mp4,A20,action,1740,3259,AIHub
C021_A20_SY16_P01_S13_02NBS.mp4,N1,normal,3260,3598,AIHub
C021_A20_SY17_P07_S07_01DBS.mp4,N1,normal,0,300,AIHub
C021_A20_SY17_P07_S07_01DBS.mp4,A20,action,1820,3413,AIHub
C021_A20_SY17_P07_S07_01DBS.mp4,N1,normal,3414,3597,AIHub
C021_A21_SY16_P07_B01_01DBS.mp4,N1,normal,0,199,AIHub
C021_A21_SY16_P07_B01_01DBS.mp4,A21,action,1940,3459,AIHub
C021_A21_SY16_P07_B01_01DBS.mp4,N1,normal,3460,3598,AIHub
C021_A18_SY16_P07_S06_02DAS.mp4,N1,normal,0,324,AIHub
C021_A18_SY16_P07_S06_02DAS.mp4,A18,action,1783,3308,AIHub
C021_A18_SY16_P07_S06_02DAS.mp4,N1,normal,3309,3597,AIHub
C021_A18_SY16_P01_S07_01DBS.mp4,N1,normal,0,299,AIHub
C021_A18_SY16_P01_S07_01DBS.mp4,A18,action,2132,3299,AIHub
C021_A18_SY16_P01_S07_01DBS.mp4,N1,normal,3300,3597,AIHub
C021_A19_SY17_P01_S04_01DAS.mp4,N1,normal,0,454,AIHub
C021_A19_SY17_P01_S04_01DAS.mp4,A19,action,1849,3418,AIHub
C021_A19_SY17_P01_S04_01DAS.mp4,N1,normal,3419,3597,AIHub
C021_A21_SY15_P07_B01_01DBS.mp4,A21,action,1750,3379,AIHub
C021_A21_SY15_P07_B01_01DBS.mp4,N1,normal,3380,3597,AIHub
C021_A18_SY17_P07_S03_03DAS.mp4,N1,normal,0,400,AIHub
C021_A18_SY17_P07_S03_03DAS.mp4,A18,action,1951,3480,AIHub
C021_A18_SY17_P07_S03_03DAS.mp4,N1,normal,3481,3597,AIHub
C021_A18_SY16_P01_S07_02DBS.mp4,N1,normal,0,299,AIHub
C021_A18_SY16_P01_S07_02DBS.mp4,A18,action,1868,3299,AIHub
C021_A18_SY16_P01_S07_02DBS.mp4,N1,normal,3300,3597,AIHub
C021_A17_SY15_P07_S07_01DBS.mp4,N1,normal,0,330,AIHub
C021_A17_SY15_P07_S07_01DBS.mp4,A17,action,1716,3310,AIHub
C021_A17_SY15_P07_S07_01DBS.mp4,N1,normal,3311,3597,AIHub
C021_A20_SY15_P07_B10_01DAS.mp4,N1,normal,0,399,AIHub
C021_A20_SY15_P07_B10_01DAS.mp4,A20,action,1920,3478,AIHub
C021_A20_SY15_P07_B10_01DAS.mp4,N1,normal,3479,3597,AIHub
C021_A21_SY15_P01_B02_01DBS.mp4,N1,normal,0,199,AIHub
C021_A21_SY15_P01_B02_01DBS.mp4,A21,action,1680,3199,AIHub
C021_A21_SY15_P01_B02_01DBS.mp4,N1,normal,3200,3597,AIHub
C021_A18_SY15_P07_S08_02DBS.mp4,N1,normal,0,299,AIHub
C021_A18_SY15_P07_S08_02DBS.mp4,A18,action,1650,3279,AIHub
C021_A18_SY15_P07_S08_02DBS.mp4,N1,normal,3280,3597,AIHub
C021_A18_SY17_P01_S04_02DAS.mp4,N1,normal,0,373,AIHub
C021_A18_SY17_P01_S04_02DAS.mp4,A18,action,1875,3346,AIHub
C021_A18_SY17_P01_S04_02DAS.mp4,N1,normal,3347,3597,AIHub
C021_A18_SY17_P07_S03_02DAS.mp4,N1,normal,0,340,AIHub
C021_A18_SY17_P07_S03_02DAS.mp4,A18,action,1841,3330,AIHub
C021_A18_SY17_P07_S03_02DAS.mp4,N1,normal,3331,3597,AIHub
C021_A19_SY16_P07_B01_01DAS.mp4,N1,normal,0,249,AIHub
C021_A19_SY16_P07_B01_01DAS.mp4,A19,action,1710,3299,AIHub
C021_A19_SY16_P07_B01_01DAS.mp4,N1,normal,3300,3598,AIHub
C021_A20_SY15_P01_B04_01DBS.mp4,N1,normal,0,249,AIHub
C021_A20_SY15_P01_B04_01DBS.mp4,A20,action,1832,3329,AIHub
C021_A20_SY15_P01_B04_01DBS.mp4,N1,normal,3330,3598,AIHub
C021_A20_SY15_P07_B06_02DAS.mp4,N1,normal,0,199,AIHub
C021_A20_SY15_P07_B06_02DAS.mp4,A20,action,1720,3279,AIHub
C021_A20_SY15_P07_B06_02DAS.mp4,N1,normal,3280,3598,AIHub
C021_A18_SY17_P07_S06_01DAS.mp4,N1,normal,0,431,AIHub
C021_A18_SY17_P07_S06_01DAS.mp4,A18,action,1808,3377,AIHub
C021_A18_SY17_P07_S06_01DAS.mp4,N1,normal,3378,3597,AIHub
C021_A20_SY15_P01_B12_01NAS.mp4,N1,normal,0,219,AIHub
C021_A20_SY15_P01_B12_01NAS.mp4,A20,action,1740,3352,AIHub
C021_A20_SY15_P01_B12_01NAS.mp4,N1,normal,3353,3608,AIHub
C021_A19_SY15_P01_B10_01DAS.mp4,N1,normal,0,249,AIHub
C021_A19_SY15_P01_B10_01DAS.mp4,A19,action,1783,3349,AIHub
C021_A19_SY15_P01_B10_01DAS.mp4,N1,normal,3350,3597,AIHub
C021_A18_SY15_P07_S13_01NAS.mp4,N1,normal,0,199,AIHub
C021_A18_SY15_P07_S13_01NAS.mp4,A18,action,1802,3353,AIHub
C021_A18_SY15_P07_S13_01NAS.mp4,N1,normal,3354,3600,AIHub
C021_A17_SY15_P07_S11_01DAS.mp4,N1,normal,0,309,AIHub
C021_A17_SY15_P07_S11_01DAS.mp4,A17,action,1831,3366,AIHub
C021_A17_SY15_P07_S11_01DAS.mp4,N1,normal,3367,3600,AIHub
C021_A17_SY15_P07_S10_01DAS.mp4,N1,normal,0,299,AIHub
C021_A17_SY15_P07_S10_01DAS.mp4,A17,action,1800,3399,AIHub
C021_A17_SY15_P07_S10_01DAS.mp4,N1,normal,3400,3597,AIHub
C021_A18_SY17_P07_S03_02DBS.mp4,N1,normal,0,250,AIHub
C021_A18_SY17_P07_S03_02DBS.mp4,A18,action,1751,3190,AIHub
C021_A18_SY17_P07_S03_02DBS.mp4,N1,normal,3191,3597,AIHub
C021_A21_SY17_P07_S06_01DBS.mp4,N1,normal,0,335,AIHub
C021_A21_SY17_P07_S06_01DBS.mp4,A21,action,1807,3370,AIHub
C021_A21_SY17_P07_S06_01DBS.mp4,N1,normal,3371,3597,AIHub
C021_A20_SY15_P07_B11_01NAS.mp4,N1,normal,0,249,AIHub
C021_A20_SY15_P07_B11_01NAS.mp4,A20,action,1850,3399,AIHub
C021_A20_SY15_P07_B11_01NAS.mp4,N1,normal,3400,3600,AIHub
C021_A20_SY32_P01_S08_02DBS.mp4,N1,normal,0,340,AIHub
C021_A20_SY32_P01_S08_02DBS.mp4,A20,action,1839,3413,AIHub
C021_A20_SY32_P01_S08_02DBS.mp4,N1,normal,3414,3597,AIHub
C021_A18_SY15_P01_S13_01NBS.mp4,N1,normal,0,241,AIHub
C021_A18_SY15_P01_S13_01NBS.mp4,A18,action,1730,3295,AIHub
C021_A18_SY15_P01_S13_01NBS.mp4,N1,normal,3296,3597,AIHub
C021_A19_SY15_P07_B14_01DAS.mp4,N1,normal,0,289,AIHub
C021_A19_SY15_P07_B14_01DAS.mp4,A19,action,1800,3379,AIHub
C021_A19_SY15_P07_B14_01DAS.mp4,N1,normal,3380,3600,AIHub
C021_A20_SY15_P01_B10_01DBS.mp4,N1,normal,0,139,AIHub
C021_A20_SY15_P01_B10_01DBS.mp4,A20,action,1640,3299,AIHub
C021_A20_SY15_P01_B10_01DBS.mp4,N1,normal,3300,3597,AIHub
C021_A18_SY15_P01_S04_02DAS.mp4,N1,normal,0,335,AIHub
C021_A18_SY15_P01_S04_02DAS.mp4,A18,action,1801,3428,AIHub
C021_A18_SY15_P01_S04_02DAS.mp4,N1,normal,3429,3597,AIHub
C021_A18_SY15_P01_S05_02DAS.mp4,N1,normal,0,169,AIHub
C021_A18_SY15_P01_S05_02DAS.mp4,A18,action,1750,3399,AIHub
C021_A18_SY15_P01_S05_02DAS.mp4,N1,normal,3400,3597,AIHub
C021_A21_SY16_P07_B10_01DBS.mp4,N1,normal,0,199,AIHub
C021_A21_SY16_P07_B10_01DBS.mp4,A21,action,1750,3299,AIHub
C021_A21_SY16_P07_B10_01DBS.mp4,N1,normal,3300,3597,AIHub
C021_A19_SY16_P01_B10_01DBS.mp4,N1,normal,0,159,AIHub
C021_A19_SY16_P01_B10_01DBS.mp4,A19,action,1650,3299,AIHub
C021_A19_SY16_P01_B10_01DBS.mp4,N1,normal,3300,3597,AIHub
C021_A18_SY16_P07_S14_03DAS.mp4,N1,normal,0,312,AIHub
C021_A18_SY16_P07_S14_03DAS.mp4,A18,action,1897,3478,AIHub
C021_A18_SY16_P07_S14_03DAS.mp4,N1,normal,3479,3600,AIHub
C021_A17_SY15_P07_S09_01DBS.mp4,N1,normal,0,349,AIHub
C021_A17_SY15_P07_S09_01DBS.mp4,A17,action,1800,3449,AIHub
C021_A17_SY15_P07_S09_01DBS.mp4,N1,normal,3450,3597,AIHub
C021_A19_SY15_P01_B05_01DAS.mp4,N1,normal,0,299,AIHub
C021_A19_SY15_P01_B05_01DAS.mp4,A19,action,1800,3419,AIHub
C021_A19_SY15_P01_B05_01DAS.mp4,N1,normal,3420,3597,AIHub
C021_A20_SY15_P01_B01_02DAS.mp4,N1,normal,0,299,AIHub
C021_A20_SY15_P01_B01_02DAS.mp4,A20,action,1820,3363,AIHub
C021_A20_SY15_P01_B01_02DAS.mp4,N1,normal,3364,3597,AIHub
C021_A19_SY15_P07_B01_02DBS.mp4,N1,normal,0,399,AIHub
C021_A19_SY15_P07_B01_02DBS.mp4,A19,action,2000,3429,AIHub
C021_A19_SY15_P07_B01_02DBS.mp4,N1,normal,3430,3597,AIHub
C021_A21_SY15_P01_B13_01NBS.mp4,N1,normal,0,249,AIHub
C021_A21_SY15_P01_B13_01NBS.mp4,A21,action,1800,3349,AIHub
C021_A21_SY15_P01_B13_01NBS.mp4,N1,normal,3350,3603,AIHub
C021_A18_SY16_P01_S01_01DBS.mp4,N1,normal,0,400,AIHub
C021_A18_SY16_P01_S01_01DBS.mp4,A18,action,1881,3490,AIHub
C021_A18_SY16_P01_S01_01DBS.mp4,N1,normal,3491,3597,AIHub
C021_A20_SY15_P07_B07_02DAS.mp4,N1,normal,0,319,AIHub
C021_A20_SY15_P07_B07_02DAS.mp4,A20,action,1800,3389,AIHub
C021_A20_SY15_P07_B07_02DAS.mp4,N1,normal,3390,3598,AIHub
C021_A21_SY15_P07_B02_01DAS.mp4,N1,normal,0,149,AIHub
C021_A21_SY15_P07_B02_01DAS.mp4,A21,action,2050,3499,AIHub
C021_A21_SY15_P07_B02_01DAS.mp4,N1,normal,3500,3596,AIHub
C021_A18_SY17_P01_S02_02DBS.mp4,N1,normal,0,210,AIHub
C021_A18_SY17_P01_S02_02DBS.mp4,A18,action,1681,3200,AIHub
C021_A18_SY17_P01_S02_02DBS.mp4,N1,normal,3201,3597,AIHub
C021_A18_SY16_P07_S01_03DAS.mp4,N1,normal,0,220,AIHub
C021_A18_SY16_P07_S01_03DAS.mp4,A18,action,1626,3269,AIHub
C021_A18_SY16_P07_S01_03DAS.mp4,N1,normal,3270,3596,AIHub
C021_A18_SY15_P07_S09_01DBS.mp4,N1,normal,0,239,AIHub
C021_A18_SY15_P07_S09_01DBS.mp4,A18,action,1720,3349,AIHub
C021_A18_SY15_P07_S09_01DBS.mp4,N1,normal,3350,3597,AIHub
C021_A18_SY15_P07_S06_02DAS.mp4,N1,normal,0,299,AIHub
C021_A18_SY15_P07_S06_02DAS.mp4,A18,action,1827,3300,AIHub
C021_A18_SY15_P07_S06_02DAS.mp4,N1,normal,3301,3597,AIHub
C021_A19_SY15_P01_B07_01DBS.mp4,N1,normal,0,199,AIHub
C021_A19_SY15_P01_B07_01DBS.mp4,A19,action,1804,3369,AIHub
C021_A19_SY15_P01_B07_01DBS.mp4,N1,normal,3370,3597,AIHub
C021_A18_SY15_P07_S03_03DBS.mp4,N1,normal,0,349,AIHub
C021_A18_SY15_P07_S03_03DBS.mp4,A18,action,2050,3399,AIHub
C021_A18_SY15_P07_S03_03DBS.mp4,N1,normal,3400,3597,AIHub
C021_A17_SY15_P01_S10_01DAS.mp4,N1,normal,0,299,AIHub
C021_A17_SY15_P01_S10_01DAS.mp4,A17,action,1750,3304,AIHub
C021_A17_SY15_P01_S10_01DAS.mp4,N1,normal,3305,3597,AIHub
C021_A18_SY16_P01_S06_01DAS.mp4,N1,normal,0,299,AIHub
C021_A18_SY16_P01_S06_01DAS.mp4,A18,action,1848,3299,AIHub
C021_A18_SY16_P01_S06_01DAS.mp4,N1,normal,3300,3597,AIHub
C021_A19_SY15_P07_B13_02NAS.mp4,N1,normal,0,299,AIHub
C021_A19_SY15_P07_B13_02NAS.mp4,A19,action,1840,3369,AIHub
C021_A19_SY15_P07_B13_02NAS.mp4,N1,normal,3370,3600,AIHub
C021_A18_SY16_P07_S07_01DAS.mp4,N1,normal,0,321,AIHub
C021_A18_SY16_P07_S07_01DAS.mp4,A18,action,1804,3256,AIHub
C021_A18_SY16_P07_S07_01DAS.mp4,N1,normal,3257,3597,AIHub
C021_A18_SY15_P01_S11_02DAS.mp4,N1,normal,0,209,AIHub
C021_A18_SY15_P01_S11_02DAS.mp4,A18,action,1730,3449,AIHub
C021_A18_SY15_P01_S11_02DAS.mp4,N1,normal,3450,3597,AIHub
C021_A19_SY16_P07_B13_01NAS.mp4,N1,normal,0,249,AIHub
C021_A19_SY16_P07_B13_01NAS.mp4,A19,action,1710,3299,AIHub
C021_A19_SY16_P07_B13_01NAS.mp4,N1,normal,3300,3600,AIHub
C021_A20_SY15_P01_B13_02NBS.mp4,N1,normal,0,169,AIHub
C021_A20_SY15_P01_B13_02NBS.mp4,A20,action,1620,3289,AIHub
C021_A20_SY15_P01_B13_02NBS.mp4,N1,normal,3290,3602,AIHub
C021_A18_SY15_P01_S10_02DAS.mp4,N1,normal,0,299,AIHub
C021_A18_SY15_P01_S10_02DAS.mp4,A18,action,1700,3309,AIHub
C021_A18_SY15_P01_S10_02DAS.mp4,N1,normal,3310,3597,AIHub
C021_A21_SY16_P07_B07_01DAS.mp4,N1,normal,0,229,AIHub
C021_A21_SY16_P07_B07_01DAS.mp4,A21,action,1670,3259,AIHub
C021_A21_SY16_P07_B07_01DAS.mp4,N1,normal,3260,3598,AIHub
C021_A18_SY15_P01_S06_02DAS.mp4,N1,normal,0,99,AIHub
C021_A18_SY15_P01_S06_02DAS.mp4,A18,action,1620,3349,AIHub
C021_A18_SY15_P01_S06_02DAS.mp4,N1,normal,3350,3597,AIHub
C021_A18_SY15_P07_S06_01DBS.mp4,N1,normal,0,233,AIHub
C021_A18_SY15_P07_S06_01DBS.mp4,A18,action,1827,3296,AIHub
C021_A18_SY15_P07_S06_01DBS.mp4,N1,normal,3297,3597,AIHub
C021_A21_SY16_P07_B07_01DBS.mp4,N1,normal,0,229,AIHub
C021_A21_SY16_P07_B07_01DBS.mp4,A21,action,1660,3229,AIHub
C021_A21_SY16_P07_B07_01DBS.mp4,N1,normal,3230,3598,AIHub
C021_A18_SY15_P01_S07_02DBS.mp4,N1,normal,0,229,AIHub
C021_A18_SY15_P01_S07_02DBS.mp4,A18,action,1750,3349,AIHub
C021_A18_SY15_P01_S07_02DBS.mp4,N1,normal,3350,3597,AIHub
C021_A19_SY16_P07_B12_01NAS.mp4,N1,normal,0,149,AIHub
C021_A19_SY16_P07_B12_01NAS.mp4,A19,action,1640,3229,AIHub
C021_A19_SY16_P07_B12_01NAS.mp4,N1,normal,3230,3600,AIHub
C021_A17_SY15_P07_S14_01DBS.mp4,N1,normal,0,437,AIHub
C021_A17_SY15_P07_S14_01DBS.mp4,A17,action,1904,3515,AIHub
C021_A17_SY15_P07_S14_01DBS.mp4,N1,normal,3516,3600,AIHub
C021_A18_SY16_P01_B04_02DBS.mp4,N1,normal,0,410,AIHub
C021_A18_SY16_P01_B04_02DBS.mp4,A18,action,1821,3340,AIHub
C021_A18_SY16_P01_B04_02DBS.mp4,N1,normal,3341,3598,AIHub
C021_A20_SY16_P01_S05_02DAS.mp4,N1,normal,0,299,AIHub
C021_A20_SY16_P01_S05_02DAS.mp4,A20,action,1986,3299,AIHub
C021_A20_SY16_P01_S05_02DAS.mp4,N1,normal,3300,3597,AIHub
C021_A18_SY15_P07_S08_01DBS.mp4,N1,normal,0,440,AIHub
C021_A18_SY15_P07_S08_01DBS.mp4,A18,action,1900,3479,AIHub
C021_A18_SY15_P07_S08_01DBS.mp4,N1,normal,3480,3597,AIHub
C021_A18_SY15_P07_S07_02DAS.mp4,N1,normal,0,305,AIHub
C021_A18_SY15_P07_S07_02DAS.mp4,A18,action,1854,3280,AIHub
C021_A18_SY15_P07_S07_02DAS.mp4,N1,normal,3281,3597,AIHub
C021_A19_SY15_P01_B06_01DAS.mp4,N1,normal,0,249,AIHub
C021_A19_SY15_P01_B06_01DAS.mp4,A19,action,1800,3399,AIHub
C021_A19_SY15_P01_B06_01DAS.mp4,N1,normal,3400,3597,AIHub
C021_A18_SY15_P01_S09_02DBS.mp4,N1,normal,0,249,AIHub
C021_A18_SY15_P01_S09_02DBS.mp4,A18,action,1780,3419,AIHub
C021_A18_SY15_P01_S09_02DBS.mp4,N1,normal,3420,3597,AIHub
C021_A19_SY17_P01_S02_01DBS.mp4,N1,normal,0,300,AIHub
C021_A19_SY17_P01_S02_01DBS.mp4,A19,action,1801,3300,AIHub
C021_A19_SY17_P01_S02_01DBS.mp4,N1,normal,3301,3597,AIHub
C021_A20_SY15_P07_B11_02NAS.mp4,N1,normal,0,299,AIHub
C021_A20_SY15_P07_B11_02NAS.mp4,A20,action,1850,3399,AIHub
C021_A20_SY15_P07_B11_02NAS.mp4,N1,normal,3400,3600,AIHub
C021_A20_SY15_P07_B03_01DBS.mp4,N1,normal,0,319,AIHub
C021_A20_SY15_P07_B03_01DBS.mp4,A20,action,1770,3299,AIHub
C021_A20_SY15_P07_B03_01DBS.mp4,N1,normal,3300,3598,AIHub
C021_A18_SY16_P07_S11_02NAS.mp4,N1,normal,0,260,AIHub
C021_A18_SY16_P07_S11_02NAS.mp4,A18,action,1673,3443,AIHub
C021_A18_SY16_P07_S11_02NAS.mp4,N1,normal,3444,3600,AIHub
C021_A20_SY15_P07_B02_01DAS.mp4,N1,normal,0,319,AIHub
C021_A20_SY15_P07_B02_01DAS.mp4,A20,action,1862,3349,AIHub
C021_A20_SY15_P07_B02_01DAS.mp4,N1,normal,3350,3596,AIHub
C021_A18_SY16_P07_S03_01DAS.mp4,N1,normal,0,550,AIHub
C021_A18_SY16_P07_S03_01DAS.mp4,A18,action,2051,3560,AIHub
C021_A18_SY16_P07_S03_01DAS.mp4,N1,normal,3561,3597,AIHub
C021_A20_SY16_P07_S12_01NAS.mp4,N1,normal,0,131,AIHub
C021_A20_SY16_P07_S12_01NAS.mp4,A20,action,1772,3433,AIHub
C021_A20_SY16_P07_S12_01NAS.mp4,N1,normal,3434,3600,AIHub
C021_A18_SY16_P07_S12_03NBS.mp4,N1,normal,0,287,AIHub
C021_A18_SY16_P07_S12_03NBS.mp4,A18,action,1740,3394,AIHub
C021_A18_SY16_P07_S12_03NBS.mp4,N1,normal,3395,3600,AIHub
C021_A19_SY16_P07_B02_01DAS.mp4,N1,normal,0,389,AIHub
C021_A19_SY16_P07_B02_01DAS.mp4,A19,action,1880,3409,AIHub
C021_A19_SY16_P07_B02_01DAS.mp4,N1,normal,3410,3596,AIHub
C021_A18_SY16_P01_S05_01DBS.mp4,N1,normal,0,299,AIHub
C021_A18_SY16_P01_S05_01DBS.mp4,A18,action,1820,3419,AIHub
C021_A18_SY16_P01_S05_01DBS.mp4,N1,normal,3420,3597,AIHub
C021_A18_SY16_P01_S06_02DAS.mp4,N1,normal,0,299,AIHub
C021_A18_SY16_P01_S06_02DAS.mp4,A18,action,1658,3299,AIHub
C021_A18_SY16_P01_S06_02DAS.mp4,N1,normal,3300,3597,AIHub
C021_A20_SY17_P07_S03_02DAS.mp4,N1,normal,0,199,AIHub
C021_A20_SY17_P07_S03_02DAS.mp4,A20,action,1770,3299,AIHub
C021_A20_SY17_P07_S03_02DAS.mp4,N1,normal,3300,3597,AIHub
C021_A18_SY16_P07_S10_01DBS.mp4,N1,normal,0,330,AIHub
C021_A18_SY16_P07_S10_01DBS.mp4,A18,action,1722,3350,AIHub
C021_A18_SY16_P07_S10_01DBS.mp4,N1,normal,3351,3597,AIHub
C021_A18_SY16_P07_S09_02DAS.mp4,N1,normal,0,314,AIHub
C021_A18_SY16_P07_S09_02DAS.mp4,A18,action,1827,3481,AIHub
C021_A18_SY16_P07_S09_02DAS.mp4,N1,normal,3482,3597,AIHub
C021_A20_SY16_P01_S07_02DAS.mp4,N1,normal,0,299,AIHub
C021_A20_SY16_P01_S07_02DAS.mp4,A20,action,1831,3299,AIHub
C021_A20_SY16_P01_S07_02DAS.mp4,N1,normal,3300,3597,AIHub
C021_A21_SY17_P07_S02_01DBS.mp4,N1,normal,0,399,AIHub
C021_A21_SY17_P07_S02_01DBS.mp4,A21,action,2050,3469,AIHub
C021_A21_SY17_P07_S02_01DBS.mp4,N1,normal,3470,3597,AIHub
C021_A17_SY15_P07_S07_01DAS.mp4,N1,normal,0,304,AIHub
C021_A17_SY15_P07_S07_01DAS.mp4,A17,action,1674,3255,AIHub
C021_A17_SY15_P07_S07_01DAS.mp4,N1,normal,3256,3597,AIHub
C021_A18_SY16_P07_S06_03DBS.mp4,N1,normal,0,315,AIHub
C021_A18_SY16_P07_S06_03DBS.mp4,A18,action,1825,3356,AIHub
C021_A18_SY16_P07_S06_03DBS.mp4,N1,normal,3357,3597,AIHub
C021_A17_SY16_P01_S01_01DBS.mp4,N1,normal,0,249,AIHub
C021_A17_SY16_P01_S01_01DBS.mp4,A17,action,1750,3249,AIHub
C021_A17_SY16_P01_S01_01DBS.mp4,N1,normal,3250,3597,AIHub
C021_A18_SY16_P07_S06_01DBS.mp4,N1,normal,0,308,AIHub
C021_A18_SY16_P07_S06_01DBS.mp4,A18,action,1761,3319,AIHub
C021_A18_SY16_P07_S06_01DBS.mp4,N1,normal,3320,3597,AIHub
C021_A18_SY15_P07_S03_02DBS.mp4,N1,normal,0,299,AIHub
C021_A18_SY15_P07_S03_02DBS.mp4,A18,action,1800,3349,AIHub
C021_A18_SY15_P07_S03_02DBS.mp4,N1,normal,3350,3597,AIHub
C021_A20_SY17_P01_S02_01DAS.mp4,N1,normal,0,399,AIHub
C021_A20_SY17_P01_S02_01DAS.mp4,A20,action,1900,3359,AIHub
C021_A20_SY17_P01_S02_01DAS.mp4,N1,normal,3360,3597,AIHub
C021_A17_SY15_P01_S08_01DBS.mp4,N1,normal,0,269,AIHub
C021_A17_SY15_P01_S08_01DBS.mp4,A17,action,1720,3429,AIHub
C021_A17_SY15_P01_S08_01DBS.mp4,N1,normal,3430,3597,AIHub
C021_A18_SY15_P07_S13_03NBS.mp4,N1,normal,0,212,AIHub
C021_A18_SY15_P07_S13_03NBS.mp4,A18,action,1859,3464,AIHub
C021_A18_SY15_P07_S13_03NBS.mp4,N1,normal,3465,3600,AIHub
C021_A18_SY16_P07_S01_02DAS.mp4,N1,normal,0,476,AIHub
C021_A18_SY16_P07_S01_02DAS.mp4,A18,action,1932,3370,AIHub
C021_A18_SY16_P07_S01_02DAS.mp4,N1,normal,3371,3596,AIHub
C021_A18_SY16_P07_S09_01DBS.mp4,N1,normal,0,336,AIHub
C021_A18_SY16_P07_S09_01DBS.mp4,A18,action,1827,3363,AIHub
C021_A18_SY16_P07_S09_01DBS.mp4,N1,normal,3364,3597,AIHub
C021_A20_SY15_P01_S01_01DAS.mp4,N1,normal,0,349,AIHub
C021_A20_SY15_P01_S01_01DAS.mp4,A20,action,1800,3399,AIHub
C021_A20_SY15_P01_S01_01DAS.mp4,N1,normal,3400,3597,AIHub
C021_A19_SY16_P07_B03_01DAS.mp4,N1,normal,0,481,AIHub
C021_A19_SY16_P07_B03_01DAS.mp4,A19,action,1850,3369,AIHub
C021_A19_SY16_P07_B03_01DAS.mp4,N1,normal,3370,3597,AIHub
C021_A18_SY15_P07_S07_03DBS.mp4,N1,normal,0,556,AIHub
C021_A18_SY15_P07_S07_03DBS.mp4,A18,action,1982,3443,AIHub
C021_A18_SY15_P07_S07_03DBS.mp4,N1,normal,3444,3597,AIHub
C021_A19_SY16_P01_S03_01NAS.mp4,N1,normal,0,300,AIHub
C021_A19_SY16_P01_S03_01NAS.mp4,A19,action,1801,3300,AIHub
C021_A19_SY16_P01_S03_01NAS.mp4,N1,normal,3301,3597,AIHub
C021_A21_SY17_P01_S02_01DAS.mp4,N1,normal,0,419,AIHub
C021_A21_SY17_P01_S02_01DAS.mp4,A21,action,2000,3459,AIHub
C021_A21_SY17_P01_S02_01DAS.mp4,N1,normal,3460,3597,AIHub
C021_A18_SY16_P01_S08_01DAS.mp4,N1,normal,0,299,AIHub
C021_A18_SY16_P01_S08_01DAS.mp4,A18,action,1919,3299,AIHub
C021_A18_SY16_P01_S08_01DAS.mp4,N1,normal,3300,3597,AIHub
C021_A18_SY15_P07_S14_02DBS.mp4,N1,normal,0,338,AIHub
C021_A18_SY15_P07_S14_02DBS.mp4,A18,action,1846,3362,AIHub
C021_A18_SY15_P07_S14_02DBS.mp4,N1,normal,3363,3600,AIHub
C021_A19_SY17_P07_S06_01DAS.mp4,N1,normal,0,397,AIHub
C021_A19_SY17_P07_S06_01DAS.mp4,A19,action,1905,3357,AIHub
C021_A19_SY17_P07_S06_01DAS.mp4,N1,normal,3358,3597,AIHub
C021_A18_SY15_P07_S06_03DAS.mp4,N1,normal,0,403,AIHub
C021_A18_SY15_P07_S06_03DAS.mp4,A18,action,1949,3494,AIHub
C021_A18_SY15_P07_S06_03DAS.mp4,N1,normal,3495,3597,AIHub
C021_A18_SY15_P01_S02_01DAS.mp4,N1,normal,0,349,AIHub
C021_A18_SY15_P01_S02_01DAS.mp4,A18,action,1900,3349,AIHub
C021_A18_SY15_P01_S02_01DAS.mp4,N1,normal,3350,3597,AIHub
C021_A18_SY16_P01_S09_01DAS.mp4,N1,normal,0,299,AIHub
C021_A18_SY16_P01_S09_01DAS.mp4,A18,action,1868,3299,AIHub
C021_A18_SY16_P01_S09_01DAS.mp4,N1,normal,3300,3597,AIHub
C021_A18_SY15_P07_S14_03DBS.mp4,N1,normal,0,371,AIHub
C021_A18_SY15_P07_S14_03DBS.mp4,A18,action,1803,3426,AIHub
C021_A18_SY15_P07_S14_03DBS.mp4,N1,normal,3427,3600,AIHub
C021_A21_SY16_P07_S03_01DAS.mp4,N1,normal,0,229,AIHub
C021_A21_SY16_P07_S03_01DAS.mp4,A21,action,1950,3509,AIHub
C021_A21_SY16_P07_S03_01DAS.mp4,N1,normal,3510,3597,AIHub
C021_A18_SY15_P07_B01_01DBS.mp4,N1,normal,0,423,AIHub
C021_A18_SY15_P07_B01_01DBS.mp4,A18,action,1971,3286,AIHub
C021_A18_SY15_P07_B01_01DBS.mp4,N1,normal,3287,3598,AIHub
C021_A17_SY15_P01_S01_01DBS.mp4,N1,normal,0,299,AIHub
C021_A17_SY15_P01_S01_01DBS.mp4,A17,action,1900,3299,AIHub
C021_A17_SY15_P01_S01_01DBS.mp4,N1,normal,3300,3597,AIHub
C021_A21_SY16_P07_B10_01DAS.mp4,N1,normal,0,249,AIHub
C021_A21_SY16_P07_B10_01DAS.mp4,A21,action,1800,3309,AIHub
C021_A21_SY16_P07_B10_01DAS.mp4,N1,normal,3310,3597,AIHub
C021_A18_SY15_P01_S12_02NAS.mp4,N1,normal,0,276,AIHub
C021_A18_SY15_P01_S12_02NAS.mp4,A18,action,1763,3374,AIHub
C021_A18_SY15_P01_S12_02NAS.mp4,N1,normal,3375,3603,AIHub
C021_A21_SY16_P07_S13_01NAS.mp4,N1,normal,0,199,AIHub
C021_A21_SY16_P07_S13_01NAS.mp4,A21,action,1730,3279,AIHub
C021_A21_SY16_P07_S13_01NAS.mp4,N1,normal,3280,3600,AIHub
C021_A19_SY16_P07_B09_01DBS.mp4,N1,normal,0,239,AIHub
C021_A19_SY16_P07_B09_01DBS.mp4,A19,action,1850,3459,AIHub
C021_A19_SY16_P07_B09_01DBS.mp4,N1,normal,3460,3597,AIHub
C021_A19_SY16_P07_B10_01DBS.mp4,N1,normal,0,169,AIHub
C021_A19_SY16_P07_B10_01DBS.mp4,A19,action,1660,3299,AIHub
C021_A19_SY16_P07_B10_01DBS.mp4,N1,normal,3300,3597,AIHub
C021_A20_SY15_P01_S08_01DBS.mp4,N1,normal,0,239,AIHub
C021_A20_SY15_P01_S08_01DBS.mp4,A20,action,1754,3321,AIHub
C021_A20_SY15_P01_S08_01DBS.mp4,N1,normal,3322,3597,AIHub
C021_A20_SY16_P07_S03_01DBS.mp4,N1,normal,0,129,AIHub
C021_A20_SY16_P07_S03_01DBS.mp4,A20,action,1930,3429,AIHub
C021_A20_SY16_P07_S03_01DBS.mp4,N1,normal,3430,3597,AIHub
C021_A21_SY15_P01_B12_01NAS.mp4,N1,normal,0,189,AIHub
C021_A21_SY15_P01_B12_01NAS.mp4,A21,action,1700,3299,AIHub
C021_A21_SY15_P01_B12_01NAS.mp4,N1,normal,3300,3609,AIHub
C021_A19_SY16_P01_S04_01DBS.mp4,N1,normal,0,238,AIHub
C021_A19_SY16_P01_S04_01DBS.mp4,A19,action,1708,3307,AIHub
C021_A19_SY16_P01_S04_01DBS.mp4,N1,normal,3308,3597,AIHub
C021_A19_SY16_P07_B08_01DBS.mp4,N1,normal,0,279,AIHub
C021_A19_SY16_P07_B08_01DBS.mp4,A19,action,1730,3349,AIHub
C021_A19_SY16_P07_B08_01DBS.mp4,N1,normal,3350,3597,AIHub
C021_A17_SY15_P07_S14_01DAS.mp4,N1,normal,0,343,AIHub
C021_A17_SY15_P07_S14_01DAS.mp4,A17,action,1849,3442,AIHub
C021_A17_SY15_P07_S14_01DAS.mp4,N1,normal,3443,3600,AIHub
C021_A18_SY15_P07_S12_03NBS.mp4,N1,normal,0,227,AIHub
C021_A18_SY15_P07_S12_03NBS.mp4,A18,action,1743,3409,AIHub
C021_A18_SY15_P07_S12_03NBS.mp4,N1,normal,3410,3600,AIHub
C021_A19_SY15_P07_B09_02DAS.mp4,N1,normal,0,299,AIHub
C021_A19_SY15_P07_B09_02DAS.mp4,A19,action,1892,3479,AIHub
C021_A19_SY15_P07_B09_02DAS.mp4,N1,normal,3480,3597,AIHub
C021_A18_SY15_P07_S06_02DBS.mp4,N1,normal,0,468,AIHub
C021_A18_SY15_P07_S06_02DBS.mp4,A18,action,1869,3442,AIHub
C021_A18_SY15_P07_S06_02DBS.mp4,N1,normal,3443,3597,AIHub
C021_A21_SY15_P01_B07_01DAS.mp4,N1,normal,0,259,AIHub
C021_A21_SY15_P01_B07_01DAS.mp4,A21,action,1939,3339,AIHub
C021_A21_SY15_P01_B07_01DAS.mp4,N1,normal,3340,3597,AIHub
C021_A19_SY15_P01_B02_01DAS.mp4,A19,action,2080,3499,AIHub
C021_A19_SY15_P01_B02_01DAS.mp4,N01,normal,3500,3597,AIHub
C021_A20_SY15_P07_S03_01DAS.mp4,N1,normal,0,299,AIHub
C021_A20_SY15_P07_S03_01DAS.mp4,A20,action,1800,3349,AIHub
C021_A20_SY15_P07_S03_01DAS.mp4,N1,normal,3350,3597,AIHub
C021_A18_SY15_P07_S01_03DAS.mp4,N1,normal,0,331,AIHub
C021_A18_SY15_P07_S01_03DAS.mp4,A18,action,1766,3455,AIHub
C021_A18_SY15_P07_S01_03DAS.mp4,N1,normal,3456,3596,AIHub
C021_A18_SY16_P07_S08_03DBS.mp4,N1,normal,0,300,AIHub
C021_A18_SY16_P07_S08_03DBS.mp4,A18,action,1735,3365,AIHub
C021_A18_SY16_P07_S08_03DBS.mp4,N1,normal,3366,3597,AIHub
C021_A18_SY16_P01_S10_01DAS.mp4,N1,normal,0,299,AIHub
C021_A18_SY16_P01_S10_01DAS.mp4,A18,action,1878,3299,AIHub
C021_A18_SY16_P01_S10_01DAS.mp4,N1,normal,3300,3597,AIHub
C021_A18_SY15_P07_S09_02DBS.mp4,N1,normal,0,199,AIHub
C021_A18_SY15_P07_S09_02DBS.mp4,A18,action,1650,3299,AIHub
C021_A18_SY15_P07_S09_02DBS.mp4,N1,normal,3300,3597,AIHub
C021_A21_SY15_P01_B05_01DBS.mp4,N1,normal,0,299,AIHub
C021_A21_SY15_P01_B05_01DBS.mp4,A21,action,1830,3399,AIHub
C021_A21_SY15_P01_B05_01DBS.mp4,N1,normal,3400,3597,AIHub
C021_A21_SY15_P01_B03_01NBS.mp4,N1,normal,0,329,AIHub
C021_A21_SY15_P01_B03_01NBS.mp4,A21,action,1900,3299,AIHub
C021_A21_SY15_P01_B03_01NBS.mp4,N1,normal,3300,3597,AIHub
C021_A19_SY17_P07_S02_01DBS.mp4,N1,normal,0,299,AIHub
C021_A19_SY17_P07_S02_01DBS.mp4,A19,action,1800,3399,AIHub
C021_A19_SY17_P07_S02_01DBS.mp4,N1,normal,3400,3597,AIHub
C021_A19_SY17_P01_S04_01DBS.mp4,N1,normal,0,411,AIHub
C021_A19_SY17_P01_S04_01DBS.mp4,A19,action,1865,3411,AIHub
C021_A19_SY17_P01_S04_01DBS.mp4,N1,normal,3412,3597,AIHub
C021_A19_SY16_P01_S03_01NBS.mp4,N1,normal,0,349,AIHub
C021_A19_SY16_P01_S03_01NBS.mp4,A19,action,1900,3399,AIHub
C021_A19_SY16_P01_S03_01NBS.mp4,N1,normal,3400,3597,AIHub
C021_A18_SY16_P01_S12_02NBS.mp4,N1,normal,0,262,AIHub
C021_A18_SY16_P01_S12_02NBS.mp4,A18,action,1756,3365,AIHub
C021_A18_SY16_P01_S12_02NBS.mp4,N1,normal,3366,3598,AIHub
C021_A17_SY15_P07_S06_01DAS.mp4,N1,normal,0,322,AIHub
C021_A17_SY15_P07_S06_01DAS.mp4,A17,action,1675,3329,AIHub
C021_A17_SY15_P07_S06_01DAS.mp4,N1,normal,3330,3597,AIHub
C021_A18_SY16_P07_S14_01DAS.mp4,N1,normal,0,408,AIHub
C021_A18_SY16_P07_S14_01DAS.mp4,A18,action,1913,3493,AIHub
C021_A18_SY16_P07_S14_01DAS.mp4,N1,normal,3494,3600,AIHub
C021_A20_SY15_P01_B10_02DBS.mp4,N1,normal,0,149,AIHub
C021_A20_SY15_P01_B10_02DBS.mp4,A20,action,1640,3269,AIHub
C021_A20_SY15_P01_B10_02DBS.mp4,N1,normal,3270,3597,AIHub
C021_A21_SY17_P01_S03_01NAS.mp4,N1,normal,0,329,AIHub
C021_A21_SY17_P01_S03_01NAS.mp4,A21,action,1807,3332,AIHub
C021_A21_SY17_P01_S03_01NAS.mp4,N1,normal,3333,3597,AIHub
C021_A19_SY15_P07_S07_02DAS.mp4,N1,normal,0,428,AIHub
C021_A19_SY15_P07_S07_02DAS.mp4,A19,action,1851,3401,AIHub
C021_A19_SY15_P07_S07_02DAS.mp4,N1,normal,3402,3597,AIHub
C021_A20_SY15_P01_S07_02DBS.mp4,N1,normal,0,115,AIHub
C021_A20_SY15_P01_S07_02DBS.mp4,A20,action,1687,3225,AIHub
C021_A20_SY15_P01_S07_02DBS.mp4,N1,normal,3226,3597,AIHub
C021_A19_SY16_P07_B14_01DAS.mp4,N1,normal,0,249,AIHub
C021_A19_SY16_P07_B14_01DAS.mp4,A19,action,1760,3449,AIHub
C021_A19_SY16_P07_B14_01DAS.mp4,N1,normal,3450,3600,AIHub
C021_A20_SY16_P07_S09_01DBS.mp4,N1,normal,0,299,AIHub
C021_A20_SY16_P07_S09_01DBS.mp4,A20,action,1783,3299,AIHub
C021_A20_SY16_P07_S09_01DBS.mp4,N1,normal,3300,3597,AIHub
C021_A19_SY17_P07_B03_01DAS.mp4,N1,normal,0,399,AIHub
C021_A19_SY17_P07_B03_01DAS.mp4,A19,action,1800,3349,AIHub
C021_A19_SY17_P07_B03_01DAS.mp4,N1,normal,3350,3597,AIHub
C021_A18_SY16_P01_S04_01DAS.mp4,N1,normal,0,240,AIHub
C021_A18_SY16_P01_S04_01DAS.mp4,A18,action,1781,3260,AIHub
C021_A18_SY16_P01_S04_01DAS.mp4,N1,normal,3261,3597,AIHub
C021_A19_SY17_P07_S01_01DAS.mp4,N1,normal,0,426,AIHub
C021_A19_SY17_P07_S01_01DAS.mp4,A19,action,1939,3288,AIHub
C021_A19_SY17_P07_S01_01DAS.mp4,N1,normal,3289,3596,AIHub
C021_A18_SY17_P01_S03_02NAS.mp4,N1,normal,0,300,AIHub
C021_A18_SY17_P01_S03_02NAS.mp4,A18,action,1791,3290,AIHub
C021_A18_SY17_P01_S03_02NAS.mp4,N1,normal,3291,3597,AIHub
C021_A18_SY17_P07_S01_03DBS.mp4,N1,normal,0,534,AIHub
C021_A18_SY17_P07_S01_03DBS.mp4,A18,action,2132,3347,AIHub
C021_A18_SY17_P07_S01_03DBS.mp4,N1,normal,3348,3597,AIHub
